year,country,iso3,currency_code,region,decade,gasoline_usd_per_liter,gasoline_usd_per_gallon,gasoline_real_2024usd,diesel_usd_per_liter,diesel_real_2024usd,lpg_usd_per_liter,gasoline_local_currency,gasoline_yoy_pct_change,diesel_yoy_pct_change,price_tier,tax_pct_of_pump_price,pretax_price_usd_ltr,subsidy_flag,subsidy_regime,is_oil_producer,crude_oil_usd_per_barrel,crude_oil_usd_per_liter,refinery_margin_usd_ltr,oil_price_shock_idx,us_cpi,inflation_deflator_2024
1924,China,CHN,CNY,Asia,1920s,0.0098,0.0371,0.18,0.009,0.1653,0.006,0.071,,,Very Low (<$0.30),16.8,0.0082,0,partial,1,1.43,0.009,0.0008,1.0,17.1,18.3626
1925,China,CHN,CNY,Asia,1920s,0.01,0.0379,0.1794,0.009,0.1615,0.0061,0.0724,2.04,0.0,Very Low (<$0.30),16.8,0.0083,0,partial,1,1.68,0.0106,-0.0006,1.0,17.5,17.9429
1926,China,CHN,CNY,Asia,1920s,0.0103,0.039,0.1827,0.0097,0.1721,0.0061,0.0746,3.0,7.78,Very Low (<$0.30),16.8,0.0086,0,partial,1,1.88,0.0118,-0.0015,1.0,17.7,17.7401
1927,China,CHN,CNY,Asia,1920s,0.0107,0.0405,0.1931,0.0098,0.1769,0.0062,0.0775,3.88,1.03,Very Low (<$0.30),16.8,0.0089,0,partial,1,1.3,0.0082,0.0025,1.0,17.4,18.046
1928,China,CHN,CNY,Asia,1920s,0.0105,0.0397,0.1928,0.0096,0.1763,0.0064,0.076,-1.87,-2.04,Very Low (<$0.30),16.8,0.0087,0,partial,1,1.17,0.0074,0.0031,1.0,17.1,18.3626
1929,China,CHN,CNY,Asia,1920s,0.0105,0.0397,0.1928,0.0094,0.1726,0.0061,0.076,0.0,-2.08,Very Low (<$0.30),16.8,0.0087,0,partial,1,1.27,0.008,0.0025,1.0,17.1,18.3626
1930,China,CHN,CNY,Asia,1930s,0.0106,0.0401,0.1993,0.0099,0.1861,0.0064,0.0767,0.95,5.32,Very Low (<$0.30),16.8,0.0088,0,partial,1,1.19,0.0075,0.0031,1.0,16.7,18.8024
1931,China,CHN,CNY,Asia,1930s,0.0116,0.0439,0.2396,0.0105,0.2169,0.0069,0.084,9.43,6.06,Very Low (<$0.30),16.8,0.0097,0,partial,1,0.65,0.0041,0.0075,1.0,15.2,20.6579
1932,China,CHN,CNY,Asia,1930s,0.0118,0.0447,0.2705,0.0111,0.2544,0.0073,0.0854,1.72,5.71,Very Low (<$0.30),16.8,0.0098,0,partial,1,0.87,0.0055,0.0063,1.0,13.7,22.9197
1933,China,CHN,CNY,Asia,1930s,0.0118,0.0447,0.285,0.0109,0.2633,0.0071,0.0854,0.0,-1.8,Very Low (<$0.30),16.8,0.0098,0,partial,1,0.67,0.0042,0.0076,1.0,13.0,24.1538
1934,China,CHN,CNY,Asia,1930s,0.0122,0.0462,0.2859,0.0111,0.2601,0.0073,0.0883,3.39,1.83,Very Low (<$0.30),16.8,0.0102,0,partial,1,1.0,0.0063,0.0059,1.0,13.4,23.4328
1935,China,CHN,CNY,Asia,1930s,0.0125,0.0473,0.2865,0.0117,0.2682,0.0076,0.0905,2.46,5.41,Very Low (<$0.30),16.8,0.0104,0,partial,1,0.97,0.0061,0.0064,1.0,13.7,22.9197
1936,China,CHN,CNY,Asia,1930s,0.0136,0.0515,0.3072,0.0126,0.2846,0.0081,0.0985,8.8,7.69,Very Low (<$0.30),16.8,0.0113,0,partial,1,1.09,0.0069,0.0067,1.0,13.9,22.5899
1937,China,CHN,CNY,Asia,1930s,0.0136,0.0515,0.2966,0.0126,0.2747,0.0082,0.0985,0.0,0.0,Very Low (<$0.30),16.8,0.0113,0,partial,1,1.18,0.0074,0.0062,1.0,14.4,21.8056
1938,China,CHN,CNY,Asia,1930s,0.0142,0.0538,0.3162,0.013,0.2895,0.0086,0.1028,4.41,3.17,Very Low (<$0.30),16.8,0.0118,0,partial,1,1.13,0.0071,0.0071,1.0,14.1,22.2695
1939,China,CHN,CNY,Asia,1930s,0.0144,0.0545,0.3253,0.0129,0.2914,0.0086,0.1043,1.41,-0.77,Very Low (<$0.30),16.8,0.012,0,partial,1,1.02,0.0064,0.008,1.0,13.9,22.5899
1940,China,CHN,CNY,Asia,1940s,0.0147,0.0556,0.3297,0.0136,0.305,0.009,0.1064,2.08,5.43,Very Low (<$0.30),16.8,0.0122,0,partial,1,1.02,0.0064,0.0083,1.0,14.0,22.4286
1941,China,CHN,CNY,Asia,1940s,0.0155,0.0587,0.3311,0.0141,0.3012,0.0092,0.1122,5.44,3.68,Very Low (<$0.30),16.8,0.0129,0,partial,1,1.14,0.0072,0.0083,1.0,14.7,21.3605
1942,China,CHN,CNY,Asia,1940s,0.0159,0.0602,0.3063,0.015,0.289,0.0096,0.1151,2.58,6.38,Very Low (<$0.30),16.8,0.0132,0,partial,1,1.19,0.0075,0.0084,1.0,16.3,19.2638
1943,China,CHN,CNY,Asia,1940s,0.0161,0.0609,0.2922,0.015,0.2723,0.0097,0.1166,1.26,0.0,Very Low (<$0.30),16.8,0.0134,0,partial,1,1.2,0.0075,0.0086,1.0,17.3,18.1503
1944,China,CHN,CNY,Asia,1940s,0.0172,0.0651,0.3069,0.0156,0.2783,0.0102,0.1245,6.83,4.0,Very Low (<$0.30),16.8,0.0143,0,partial,1,1.21,0.0076,0.0096,1.0,17.6,17.8409
1945,China,CHN,CNY,Asia,1940s,0.0175,0.0662,0.3053,0.016,0.2791,0.0106,0.1267,1.74,2.56,Very Low (<$0.30),16.8,0.0146,0,partial,1,1.22,0.0077,0.0098,1.0,18.0,17.4444
1946,China,CHN,CNY,Asia,1940s,0.0176,0.0666,0.2834,0.0167,0.2689,0.0105,0.1274,0.57,4.37,Very Low (<$0.30),16.8,0.0146,0,partial,1,1.41,0.0089,0.0087,1.0,19.5,16.1026
1947,China,CHN,CNY,Asia,1940s,0.0182,0.0689,0.2563,0.017,0.2394,0.0106,0.1318,3.41,1.8,Very Low (<$0.30),16.8,0.0151,0,partial,1,1.93,0.0121,0.0061,1.0,22.3,14.0807
1948,China,CHN,CNY,Asia,1940s,0.0186,0.0704,0.2423,0.0172,0.2241,0.0113,0.1347,2.2,1.18,Very Low (<$0.30),16.8,0.0155,0,partial,1,2.6,0.0164,0.0022,1.0,24.1,13.029
1949,China,CHN,CNY,Asia,1940s,0.0197,0.0746,0.2599,0.0181,0.2388,0.0117,0.1426,5.91,5.23,Very Low (<$0.30),16.8,0.0164,0,partial,1,2.54,0.016,0.0037,1.0,23.8,13.1933
1950,China,CHN,CNY,Asia,1950s,0.0195,0.0738,0.2541,0.0176,0.2293,0.0117,0.1412,-1.02,-2.76,Very Low (<$0.30),25.2,0.0146,0,partial,1,2.51,0.0158,0.0037,1.0,24.1,13.029
1951,China,CHN,CNY,Asia,1950s,0.0206,0.078,0.2488,0.0189,0.2283,0.0122,0.1491,5.64,7.39,Very Low (<$0.30),25.2,0.0154,0,partial,1,2.53,0.0159,0.0047,1.0,26.0,12.0769
1952,China,CHN,CNY,Asia,1950s,0.0215,0.0814,0.2548,0.0197,0.2334,0.0128,0.1557,4.37,4.23,Very Low (<$0.30),25.2,0.0161,0,partial,1,2.53,0.0159,0.0056,1.0,26.5,11.8491
1953,China,CHN,CNY,Asia,1950s,0.0223,0.0844,0.2623,0.0209,0.2458,0.0137,0.1615,3.72,6.09,Very Low (<$0.30),25.2,0.0167,0,partial,1,2.68,0.0169,0.0054,1.0,26.7,11.7603
1954,China,CHN,CNY,Asia,1950s,0.0232,0.0878,0.2708,0.0218,0.2545,0.0141,0.168,4.04,4.31,Very Low (<$0.30),25.2,0.0174,0,partial,1,2.78,0.0175,0.0057,1.0,26.9,11.6729
1955,China,CHN,CNY,Asia,1950s,0.0246,0.0931,0.2882,0.0221,0.2589,0.0149,0.1781,6.03,1.38,Very Low (<$0.30),25.2,0.0184,0,partial,1,2.77,0.0174,0.0072,1.0,26.8,11.7164
1956,China,CHN,CNY,Asia,1950s,0.0255,0.0965,0.2944,0.0237,0.2736,0.015,0.1846,3.66,7.24,Very Low (<$0.30),25.2,0.0191,0,partial,1,2.79,0.0175,0.008,1.0,27.2,11.5441
1957,China,CHN,CNY,Asia,1950s,0.0263,0.0996,0.2939,0.0235,0.2626,0.016,0.1904,3.14,-0.84,Very Low (<$0.30),25.2,0.0197,0,partial,1,3.09,0.0194,0.0069,1.0,28.1,11.1744
1958,China,CHN,CNY,Asia,1950s,0.0287,0.1086,0.3118,0.0262,0.2847,0.0178,0.2078,9.13,11.49,Very Low (<$0.30),25.2,0.0215,0,partial,1,3.01,0.0189,0.0098,1.0,28.9,10.8651
1959,China,CHN,CNY,Asia,1950s,0.0285,0.1079,0.3075,0.026,0.2805,0.0177,0.2063,-0.7,-0.76,Very Low (<$0.30),25.2,0.0213,0,partial,1,2.9,0.0182,0.0103,1.0,29.1,10.7904
1960,China,CHN,CNY,Asia,1960s,0.029,0.1098,0.3076,0.0273,0.2896,0.0171,0.21,1.75,5.0,Very Low (<$0.30),25.2,0.0217,1,partial,1,2.88,0.0181,0.0109,1.0,29.6,10.6081
1961,China,CHN,CNY,Asia,1960s,0.0307,0.1162,0.3224,0.0285,0.2993,0.0181,0.2223,5.86,4.4,Very Low (<$0.30),25.2,0.023,1,partial,1,2.89,0.0182,0.0125,1.0,29.9,10.5017
1962,China,CHN,CNY,Asia,1960s,0.0309,0.117,0.3213,0.0283,0.2942,0.0181,0.2237,0.65,-0.7,Very Low (<$0.30),25.2,0.0231,1,partial,1,2.9,0.0182,0.0127,1.0,30.2,10.3974
1963,China,CHN,CNY,Asia,1960s,0.0322,0.1219,0.3304,0.0301,0.3089,0.019,0.2331,4.21,6.36,Very Low (<$0.30),25.2,0.0241,1,partial,1,2.89,0.0182,0.014,1.0,30.6,10.2614
1964,China,CHN,CNY,Asia,1960s,0.0323,0.1223,0.3272,0.0294,0.2978,0.0195,0.2339,0.31,-2.33,Very Low (<$0.30),25.2,0.0242,1,partial,1,2.88,0.0181,0.0142,1.0,31.0,10.129
1965,China,CHN,CNY,Asia,1960s,0.0332,0.1257,0.3309,0.0304,0.303,0.0207,0.2404,2.79,3.4,Very Low (<$0.30),25.2,0.0248,1,partial,1,2.86,0.018,0.0152,1.0,31.5,9.9683
1966,China,CHN,CNY,Asia,1960s,0.0341,0.1291,0.3305,0.031,0.3004,0.0199,0.2469,2.71,1.97,Very Low (<$0.30),25.2,0.0255,1,partial,1,2.88,0.0181,0.016,1.0,32.4,9.6914
1967,China,CHN,CNY,Asia,1960s,0.0344,0.1302,0.3234,0.0315,0.2961,0.0208,0.2491,0.88,1.61,Very Low (<$0.30),25.2,0.0257,1,partial,1,2.92,0.0184,0.016,1.0,33.4,9.4012
1968,China,CHN,CNY,Asia,1960s,0.0365,0.1382,0.3293,0.0337,0.3041,0.0222,0.2643,6.1,6.98,Very Low (<$0.30),25.2,0.0273,1,partial,1,2.94,0.0185,0.018,1.0,34.8,9.023
1969,China,CHN,CNY,Asia,1960s,0.0374,0.1416,0.32,0.0337,0.2883,0.0218,0.2708,2.47,0.0,Very Low (<$0.30),25.2,0.028,1,partial,1,3.09,0.0194,0.018,1.0,36.7,8.5559
1970,China,CHN,CNY,Asia,1970s,0.0398,0.1507,0.3221,0.0373,0.3019,0.0235,0.2882,6.42,10.68,Very Low (<$0.30),33.6,0.0264,1,partial,1,3.18,0.02,0.0198,1.0,38.8,8.0928
1971,China,CHN,CNY,Asia,1970s,0.0406,0.1537,0.3148,0.0386,0.2993,0.0239,0.2939,2.01,3.49,Very Low (<$0.30),33.6,0.027,1,partial,1,3.6,0.0226,0.018,1.0,40.5,7.7531
1972,China,CHN,CNY,Asia,1970s,0.0421,0.1594,0.3163,0.0381,0.2862,0.0263,0.3048,3.69,-1.3,Very Low (<$0.30),33.6,0.028,1,partial,1,3.6,0.0226,0.0195,1.0,41.8,7.512
1973,China,CHN,CNY,Asia,1970s,0.0448,0.1696,0.3168,0.0406,0.2871,0.0271,0.3244,6.41,6.56,Very Low (<$0.30),33.6,0.0297,1,partial,1,4.75,0.0299,0.0149,1.2,44.4,7.0721
1974,China,CHN,CNY,Asia,1970s,0.0482,0.1825,0.307,0.0436,0.2777,0.0304,0.349,7.59,7.39,Very Low (<$0.30),33.6,0.032,1,partial,1,9.35,0.0588,-0.0106,1.55,49.3,6.3692
1975,China,CHN,CNY,Asia,1970s,0.0492,0.1862,0.2872,0.0446,0.2603,0.0294,0.3562,2.07,2.29,Very Low (<$0.30),33.6,0.0327,1,partial,1,10.72,0.0674,-0.0182,1.0,53.8,5.8364
1976,China,CHN,CNY,Asia,1970s,0.0529,0.2002,0.2919,0.0486,0.2682,0.0313,0.383,7.52,8.97,Very Low (<$0.30),33.6,0.0351,1,partial,1,11.51,0.0724,-0.0195,1.0,56.9,5.5185
1977,China,CHN,CNY,Asia,1970s,0.0551,0.2086,0.2855,0.0515,0.2668,0.0329,0.3989,4.16,5.97,Very Low (<$0.30),33.6,0.0366,1,partial,1,13.92,0.0876,-0.0325,1.0,60.6,5.1815
1978,China,CHN,CNY,Asia,1970s,0.0551,0.2086,0.2654,0.0508,0.2447,0.0327,0.3989,0.0,-1.36,Very Low (<$0.30),33.6,0.0366,1,partial,1,14.02,0.0882,-0.0331,1.0,65.2,4.816
1979,China,CHN,CNY,Asia,1970s,0.0574,0.2173,0.2483,0.0547,0.2366,0.0344,0.4156,4.17,7.68,Very Low (<$0.30),33.6,0.0381,1,partial,1,31.61,0.1988,-0.1414,1.3,72.6,4.3251
1980,China,CHN,CNY,Asia,1980s,0.0591,0.2237,0.2252,0.056,0.2134,0.0372,0.4279,2.96,2.38,Very Low (<$0.30),42.0,0.0343,1,partial,1,36.83,0.2317,-0.1726,1.25,82.4,3.8107
1981,China,CHN,CNY,Asia,1980s,0.0621,0.2351,0.2145,0.0586,0.2024,0.0363,0.4496,5.08,4.64,Very Low (<$0.30),42.1,0.036,1,partial,1,35.75,0.2249,-0.1628,1.0,90.9,3.4543
1982,China,CHN,CNY,Asia,1980s,0.0593,0.2245,0.193,0.0557,0.1812,0.035,0.4293,-4.51,-4.95,Very Low (<$0.30),42.1,0.0343,1,partial,1,31.82,0.2001,-0.1408,1.0,96.5,3.2539
1983,China,CHN,CNY,Asia,1980s,0.0616,0.2332,0.1942,0.0575,0.1813,0.0365,0.446,3.88,3.23,Very Low (<$0.30),42.2,0.0356,1,partial,1,29.55,0.1859,-0.1243,1.0,99.6,3.1526
1984,China,CHN,CNY,Asia,1980s,0.0636,0.2408,0.1922,0.0583,0.1762,0.0377,0.4605,3.25,1.39,Very Low (<$0.30),42.3,0.0367,1,partial,1,28.78,0.181,-0.1174,1.0,103.9,3.0221
1985,China,CHN,CNY,Asia,1980s,0.0646,0.2445,0.1885,0.0601,0.1754,0.0384,0.4677,1.57,3.09,Very Low (<$0.30),42.3,0.0373,1,partial,1,27.56,0.1733,-0.1087,1.0,107.6,2.9182
1986,China,CHN,CNY,Asia,1980s,0.0682,0.2582,0.1954,0.0621,0.1779,0.0411,0.4938,5.57,3.33,Very Low (<$0.30),42.4,0.0393,1,partial,1,14.43,0.0908,-0.0226,0.75,109.6,2.865
1987,China,CHN,CNY,Asia,1980s,0.0735,0.2782,0.2032,0.0665,0.1838,0.044,0.5321,7.77,7.09,Very Low (<$0.30),42.4,0.0423,1,partial,1,18.44,0.116,-0.0425,1.0,113.6,2.7641
1988,China,CHN,CNY,Asia,1980s,0.0783,0.2964,0.2078,0.0733,0.1946,0.0476,0.5669,6.53,10.23,Very Low (<$0.30),42.5,0.045,1,partial,1,14.92,0.0938,-0.0155,1.0,118.3,2.6543
1989,China,CHN,CNY,Asia,1980s,0.0795,0.3009,0.2013,0.0731,0.1851,0.0485,0.5756,1.53,-0.27,Very Low (<$0.30),42.6,0.0456,1,partial,1,18.33,0.1153,-0.0358,1.0,124.0,2.5323
1990,China,CHN,CNY,Asia,1990s,0.0847,0.3206,0.2035,0.0762,0.1831,0.0499,0.6132,6.54,4.24,Very Low (<$0.30),42.6,0.0486,1,partial,1,23.73,0.1493,-0.0646,1.0,130.7,2.4024
1991,China,CHN,CNY,Asia,1990s,0.0981,0.3713,0.2262,0.0888,0.2047,0.0584,0.7102,15.82,16.54,Very Low (<$0.30),42.7,0.0562,1,partial,1,20.2,0.1271,-0.029,1.0,136.2,2.3054
1992,China,CHN,CNY,Asia,1990s,0.1127,0.4266,0.2522,0.1042,0.2332,0.0687,0.8159,14.88,17.34,Very Low (<$0.30),42.8,0.0645,1,partial,1,19.32,0.1215,-0.0088,1.0,140.3,2.2381
1993,China,CHN,CNY,Asia,1990s,0.1348,0.5103,0.2929,0.122,0.2651,0.0804,0.976,19.61,17.08,Very Low (<$0.30),42.8,0.0771,1,partial,1,16.97,0.1067,0.0281,1.0,144.5,2.173
1994,China,CHN,CNY,Asia,1990s,0.1536,0.5814,0.3254,0.14,0.2966,0.0901,1.1121,13.95,14.75,Very Low (<$0.30),42.9,0.0877,1,partial,1,15.82,0.0995,0.0541,1.0,148.2,2.1188
1995,China,CHN,CNY,Asia,1990s,0.1807,0.684,0.3723,0.1697,0.3496,0.1128,1.3083,17.64,21.21,Very Low (<$0.30),42.9,0.1032,1,partial,1,17.02,0.1071,0.0736,1.0,152.4,2.0604
1996,China,CHN,CNY,Asia,1990s,0.2019,0.7643,0.4041,0.1875,0.3752,0.1211,1.4618,11.73,10.49,Very Low (<$0.30),43.0,0.1151,1,partial,1,22.12,0.1391,0.0628,1.0,156.9,2.0013
1997,China,CHN,CNY,Asia,1990s,0.2283,0.8642,0.4466,0.2112,0.4132,0.1365,1.6529,13.08,12.64,Very Low (<$0.30),43.1,0.1299,1,partial,1,19.09,0.1201,0.1082,1.0,160.5,1.9564
1998,China,CHN,CNY,Asia,1990s,0.2494,0.9441,0.4804,0.2343,0.4514,0.1517,1.8057,9.24,10.94,Very Low (<$0.30),43.1,0.1419,1,partial,1,13.07,0.0822,0.1672,0.82,163.0,1.9264
1999,China,CHN,CNY,Asia,1990s,0.2821,1.0679,0.5317,0.2648,0.4991,0.1663,2.0424,13.11,13.02,Very Low (<$0.30),43.2,0.1602,1,partial,1,17.97,0.113,0.1691,1.0,166.6,1.8848
2000,China,CHN,CNY,Asia,2000s,0.3128,1.1841,0.5704,0.2815,0.5133,0.1871,2.2647,10.88,6.31,Low ($0.30–$0.70),43.3,0.1774,1,partial,1,30.38,0.1911,0.1217,1.0,172.2,1.8235
2001,China,CHN,CNY,Asia,2000s,0.3392,1.284,0.6014,0.3152,0.5589,0.2009,2.4558,8.44,11.97,Low ($0.30–$0.70),43.3,0.1923,1,partial,1,25.93,0.1631,0.1761,1.0,177.1,1.773
2002,China,CHN,CNY,Asia,2000s,0.361,1.3665,0.6301,0.3265,0.5699,0.225,2.6136,6.43,3.59,Low ($0.30–$0.70),43.4,0.2043,1,partial,1,26.15,0.1645,0.1965,1.0,179.9,1.7454
2003,China,CHN,CNY,Asia,2000s,0.3995,1.5123,0.6818,0.3597,0.6138,0.2368,2.8924,10.66,10.17,Low ($0.30–$0.70),43.4,0.2261,1,partial,1,31.07,0.1954,0.2041,1.0,184.0,1.7065
2004,China,CHN,CNY,Asia,2000s,0.4358,1.6497,0.7244,0.3958,0.6579,0.2636,3.1552,9.09,10.04,Low ($0.30–$0.70),43.5,0.2462,1,partial,1,41.49,0.261,0.1748,1.0,188.9,1.6623
2005,China,CHN,CNY,Asia,2000s,0.4785,1.8113,0.7693,0.4415,0.7098,0.2911,3.4643,9.8,11.55,Low ($0.30–$0.70),43.6,0.2699,1,partial,1,56.59,0.3559,0.1226,1.0,195.3,1.6078
2006,China,CHN,CNY,Asia,2000s,0.5295,2.0044,0.8247,0.4858,0.7567,0.3147,3.8336,10.66,10.03,Low ($0.30–$0.70),43.6,0.2986,1,partial,1,66.02,0.4153,0.1142,1.0,201.6,1.5575
2007,China,CHN,CNY,Asia,2000s,0.599,2.2675,0.9073,0.5407,0.819,0.3626,4.3368,13.13,11.3,Low ($0.30–$0.70),43.7,0.3372,1,partial,1,72.34,0.455,0.144,1.0,207.3,1.5147
2008,China,CHN,CNY,Asia,2000s,0.6917,2.6184,1.0088,0.6371,0.9292,0.4284,5.0079,15.48,17.83,Low ($0.30–$0.70),43.8,0.3887,1,partial,1,99.67,0.6269,0.0648,1.28,215.3,1.4584
2009,China,CHN,CNY,Asia,2000s,0.708,2.6801,1.0364,0.6551,0.959,0.4257,5.1259,2.36,2.83,Medium ($0.70–$1.10),43.8,0.3979,1,partial,1,61.74,0.3883,0.3197,0.78,214.5,1.4639
2010,China,CHN,CNY,Asia,2010s,0.7949,3.009,1.1444,0.7411,1.067,0.5062,5.7551,12.27,13.13,Medium ($0.70–$1.10),43.9,0.4459,1,partial,1,79.61,0.5007,0.2942,1.0,218.1,1.4397
2011,China,CHN,CNY,Asia,2010s,0.8118,3.073,1.1334,0.7398,1.0329,0.4889,5.8774,2.13,-0.18,Medium ($0.70–$1.10),44.0,0.4546,1,partial,1,111.26,0.6998,0.112,1.0,224.9,1.3962
2012,China,CHN,CNY,Asia,2010s,0.8854,3.3516,1.2109,0.8362,1.1436,0.5089,6.4103,9.07,13.03,Medium ($0.70–$1.10),44.0,0.4958,1,partial,1,112.01,0.7045,0.1809,1.0,229.6,1.3676
2013,China,CHN,CNY,Asia,2010s,0.8717,3.2997,1.1747,0.7902,1.0649,0.5282,6.3111,-1.55,-5.5,Medium ($0.70–$1.10),44.1,0.4873,1,partial,1,108.66,0.6835,0.1882,1.0,233.0,1.3476
2014,China,CHN,CNY,Asia,2010s,0.8898,3.3683,1.1804,0.827,1.0971,0.5357,6.4422,2.08,4.66,Medium ($0.70–$1.10),44.1,0.4974,1,partial,1,98.97,0.6225,0.2673,1.0,236.7,1.3266
2015,China,CHN,CNY,Asia,2010s,0.9372,3.5477,1.2417,0.8546,1.1323,0.5523,6.7853,5.33,3.34,Medium ($0.70–$1.10),44.2,0.523,1,partial,1,52.39,0.3295,0.6077,1.0,237.0,1.3249
2016,China,CHN,CNY,Asia,2010s,0.9993,3.7828,1.3074,0.9207,1.2046,0.5752,7.2349,6.63,7.73,Medium ($0.70–$1.10),44.3,0.5566,0,partial,1,43.74,0.2751,0.7242,1.0,240.0,1.3083
2017,China,CHN,CNY,Asia,2010s,1.0382,3.93,1.33,0.9602,1.2301,0.6346,7.5166,3.89,4.29,Medium ($0.70–$1.10),44.3,0.5783,0,partial,1,54.25,0.3412,0.697,1.0,245.1,1.2811
2018,China,CHN,CNY,Asia,2010s,1.0472,3.9641,1.3095,0.9621,1.2031,0.6383,7.5817,0.87,0.2,Medium ($0.70–$1.10),44.4,0.5822,0,partial,1,71.34,0.4487,0.5985,1.0,251.1,1.2505
2019,China,CHN,CNY,Asia,2010s,1.0828,4.0988,1.3297,0.9992,1.227,0.659,7.8395,3.4,3.86,Medium ($0.70–$1.10),44.5,0.601,0,partial,1,64.37,0.4049,0.6779,1.0,255.7,1.228
2020,China,CHN,CNY,Asia,2020s,1.1549,4.3718,1.4012,1.0456,1.2686,0.6896,8.3615,6.66,4.64,High ($1.10–$1.60),44.5,0.641,0,partial,1,41.84,0.2632,0.8917,0.72,258.8,1.2133
2021,China,CHN,CNY,Asia,2020s,1.2575,4.7602,1.457,1.1407,1.3217,0.7531,9.1043,8.88,9.1,High ($1.10–$1.60),44.6,0.6967,0,partial,1,70.86,0.4457,0.8118,1.0,271.0,1.1587
2022,China,CHN,CNY,Asia,2020s,1.3164,4.9831,1.4122,1.186,1.2723,0.788,9.5307,4.68,3.97,High ($1.10–$1.60),44.6,0.7293,0,partial,1,101.32,0.6373,0.6791,1.3,292.7,1.0728
2023,China,CHN,CNY,Asia,2020s,1.1995,4.5406,1.2361,1.0833,1.1164,0.7193,8.6844,-8.88,-8.66,High ($1.10–$1.60),44.7,0.6633,0,partial,1,82.49,0.5188,0.6807,1.0,304.7,1.0305
2024,China,CHN,CNY,Asia,2020s,1.1376,4.3063,1.1376,1.0189,1.0189,0.6854,8.2362,-5.16,-5.94,High ($1.10–$1.60),44.8,0.628,0,partial,1,80.0,0.5032,0.6344,1.0,314.0,1.0
1924,India,IND,INR,Asia,1920s,0.0117,0.0443,0.2148,0.0104,0.191,0.0077,0.9769,,,Very Low (<$0.30),22.0,0.0091,0,partial,1,1.43,0.009,0.0027,1.0,17.1,18.3626
1925,India,IND,INR,Asia,1920s,0.0123,0.0466,0.2207,0.011,0.1974,0.0077,1.0271,5.13,5.77,Very Low (<$0.30),22.0,0.0096,0,partial,1,1.68,0.0106,0.0017,1.0,17.5,17.9429
1926,India,IND,INR,Asia,1920s,0.0122,0.0462,0.2164,0.0106,0.188,0.0079,1.0187,-0.81,-3.64,Very Low (<$0.30),22.0,0.0095,0,partial,1,1.88,0.0118,0.0004,1.0,17.7,17.7401
1927,India,IND,INR,Asia,1920s,0.0127,0.0481,0.2292,0.0112,0.2021,0.0081,1.0604,4.1,5.66,Very Low (<$0.30),22.0,0.0099,0,partial,1,1.3,0.0082,0.0045,1.0,17.4,18.046
1928,India,IND,INR,Asia,1920s,0.0127,0.0481,0.2332,0.0111,0.2038,0.0083,1.0604,0.0,-0.89,Very Low (<$0.30),22.0,0.0099,0,partial,1,1.17,0.0074,0.0053,1.0,17.1,18.3626
1929,India,IND,INR,Asia,1920s,0.0133,0.0503,0.2442,0.0117,0.2148,0.0083,1.1105,4.72,5.41,Very Low (<$0.30),22.0,0.0104,0,partial,1,1.27,0.008,0.0053,1.0,17.1,18.3626
1930,India,IND,INR,Asia,1930s,0.0128,0.0485,0.2407,0.0112,0.2106,0.0083,1.0688,-3.76,-4.27,Very Low (<$0.30),22.0,0.01,0,partial,1,1.19,0.0075,0.0053,1.0,16.7,18.8024
1931,India,IND,INR,Asia,1930s,0.0132,0.05,0.2727,0.0113,0.2334,0.0085,1.1022,3.12,0.89,Very Low (<$0.30),22.0,0.0103,0,partial,1,0.65,0.0041,0.0091,1.0,15.2,20.6579
1932,India,IND,INR,Asia,1930s,0.0141,0.0534,0.3232,0.0123,0.2819,0.0095,1.1773,6.82,8.85,Very Low (<$0.30),22.0,0.011,0,partial,1,0.87,0.0055,0.0086,1.0,13.7,22.9197
1933,India,IND,INR,Asia,1930s,0.0146,0.0553,0.3526,0.0126,0.3043,0.0095,1.2191,3.55,2.44,Very Low (<$0.30),22.0,0.0114,0,partial,1,0.67,0.0042,0.0104,1.0,13.0,24.1538
1934,India,IND,INR,Asia,1930s,0.0152,0.0575,0.3562,0.0131,0.307,0.0102,1.2692,4.11,3.97,Very Low (<$0.30),22.0,0.0119,0,partial,1,1.0,0.0063,0.0089,1.0,13.4,23.4328
1935,India,IND,INR,Asia,1930s,0.0155,0.0587,0.3553,0.0133,0.3048,0.0101,1.2942,1.97,1.53,Very Low (<$0.30),22.0,0.0121,0,partial,1,0.97,0.0061,0.0094,1.0,13.7,22.9197
1936,India,IND,INR,Asia,1930s,0.0156,0.0591,0.3524,0.0136,0.3072,0.0102,1.3026,0.65,2.26,Very Low (<$0.30),22.0,0.0122,0,partial,1,1.09,0.0069,0.0087,1.0,13.9,22.5899
1937,India,IND,INR,Asia,1930s,0.0164,0.0621,0.3576,0.0141,0.3075,0.0106,1.3694,5.13,3.68,Very Low (<$0.30),22.0,0.0128,0,partial,1,1.18,0.0074,0.009,1.0,14.4,21.8056
1938,India,IND,INR,Asia,1930s,0.0171,0.0647,0.3808,0.0147,0.3274,0.0108,1.4279,4.27,4.26,Very Low (<$0.30),22.0,0.0133,0,partial,1,1.13,0.0071,0.01,1.0,14.1,22.2695
1939,India,IND,INR,Asia,1930s,0.0174,0.0659,0.3931,0.0151,0.3411,0.0112,1.4529,1.75,2.72,Very Low (<$0.30),22.0,0.0136,0,partial,1,1.02,0.0064,0.011,1.0,13.9,22.5899
1940,India,IND,INR,Asia,1940s,0.0177,0.067,0.397,0.0156,0.3499,0.0111,1.478,1.72,3.31,Very Low (<$0.30),22.0,0.0138,0,partial,1,1.02,0.0064,0.0113,1.0,14.0,22.4286
1941,India,IND,INR,Asia,1940s,0.0184,0.0697,0.393,0.0164,0.3503,0.0122,1.5364,3.95,5.13,Very Low (<$0.30),22.0,0.0144,0,partial,1,1.14,0.0072,0.0112,1.0,14.7,21.3605
1942,India,IND,INR,Asia,1940s,0.0194,0.0734,0.3737,0.0171,0.3294,0.0125,1.6199,5.43,4.27,Very Low (<$0.30),22.0,0.0151,0,partial,1,1.19,0.0075,0.0119,1.0,16.3,19.2638
1943,India,IND,INR,Asia,1940s,0.0196,0.0742,0.3557,0.0169,0.3067,0.0126,1.6366,1.03,-1.17,Very Low (<$0.30),22.0,0.0153,0,partial,1,1.2,0.0075,0.0121,1.0,17.3,18.1503
1944,India,IND,INR,Asia,1940s,0.0202,0.0765,0.3604,0.0173,0.3086,0.013,1.6867,3.06,2.37,Very Low (<$0.30),22.0,0.0158,0,partial,1,1.21,0.0076,0.0126,1.0,17.6,17.8409
1945,India,IND,INR,Asia,1940s,0.0211,0.0799,0.3681,0.0181,0.3157,0.0137,1.7619,4.46,4.62,Very Low (<$0.30),22.0,0.0165,0,partial,1,1.22,0.0077,0.0134,1.0,18.0,17.4444
1946,India,IND,INR,Asia,1940s,0.0215,0.0814,0.3462,0.0192,0.3092,0.0142,1.7952,1.9,6.08,Very Low (<$0.30),22.0,0.0168,0,partial,1,1.41,0.0089,0.0126,1.0,19.5,16.1026
1947,India,IND,INR,Asia,1940s,0.0233,0.0882,0.3281,0.0199,0.2802,0.0155,1.9456,8.37,3.65,Very Low (<$0.30),22.0,0.0182,0,partial,1,1.93,0.0121,0.0112,1.0,22.3,14.0807
1948,India,IND,INR,Asia,1940s,0.0237,0.0897,0.3088,0.0206,0.2684,0.0159,1.9789,1.72,3.52,Very Low (<$0.30),22.0,0.0185,0,partial,1,2.6,0.0164,0.0073,1.0,24.1,13.029
1949,India,IND,INR,Asia,1940s,0.0242,0.0916,0.3193,0.0215,0.2837,0.0158,2.0207,2.11,4.37,Very Low (<$0.30),22.0,0.0189,0,partial,1,2.54,0.016,0.0082,1.0,23.8,13.1933
1950,India,IND,INR,Asia,1950s,0.0247,0.0935,0.3218,0.0223,0.2905,0.016,2.0625,2.07,3.72,Very Low (<$0.30),33.0,0.0165,0,partial,1,2.51,0.0158,0.0089,1.0,24.1,13.029
1951,India,IND,INR,Asia,1950s,0.0257,0.0973,0.3104,0.0223,0.2693,0.0174,2.146,4.05,0.0,Very Low (<$0.30),33.0,0.0172,0,partial,1,2.53,0.0159,0.0098,1.0,26.0,12.0769
1952,India,IND,INR,Asia,1950s,0.0263,0.0996,0.3116,0.0239,0.2832,0.0169,2.1961,2.33,7.17,Very Low (<$0.30),33.0,0.0176,0,partial,1,2.53,0.0159,0.0104,1.0,26.5,11.8491
1953,India,IND,INR,Asia,1950s,0.0272,0.103,0.3199,0.0238,0.2799,0.0177,2.2712,3.42,-0.42,Very Low (<$0.30),33.0,0.0182,0,partial,1,2.68,0.0169,0.0103,1.0,26.7,11.7603
1954,India,IND,INR,Asia,1950s,0.0286,0.1083,0.3338,0.025,0.2918,0.0183,2.3881,5.15,5.04,Very Low (<$0.30),33.0,0.0192,0,partial,1,2.78,0.0175,0.0111,1.0,26.9,11.6729
1955,India,IND,INR,Asia,1950s,0.0297,0.1124,0.348,0.0256,0.2999,0.0189,2.48,3.85,2.4,Very Low (<$0.30),33.0,0.0199,0,partial,1,2.77,0.0174,0.0123,1.0,26.8,11.7164
1956,India,IND,INR,Asia,1950s,0.0312,0.1181,0.3602,0.0274,0.3163,0.02,2.6052,5.05,7.03,Very Low (<$0.30),33.0,0.0209,0,partial,1,2.79,0.0175,0.0137,1.0,27.2,11.5441
1957,India,IND,INR,Asia,1950s,0.032,0.1211,0.3576,0.0283,0.3162,0.0209,2.672,2.56,3.28,Very Low (<$0.30),33.0,0.0214,0,partial,1,3.09,0.0194,0.0126,1.0,28.1,11.1744
1958,India,IND,INR,Asia,1950s,0.0333,0.1261,0.3618,0.029,0.3151,0.022,2.7806,4.06,2.47,Very Low (<$0.30),33.0,0.0223,0,partial,1,3.01,0.0189,0.0144,1.0,28.9,10.8651
1959,India,IND,INR,Asia,1950s,0.0336,0.1272,0.3626,0.0306,0.3302,0.0212,2.8056,0.9,5.52,Very Low (<$0.30),33.0,0.0225,0,partial,1,2.9,0.0182,0.0154,1.0,29.1,10.7904
1960,India,IND,INR,Asia,1960s,0.0354,0.134,0.3755,0.0311,0.3299,0.0226,2.9559,5.36,1.63,Very Low (<$0.30),33.0,0.0237,1,partial,1,2.88,0.0181,0.0173,1.0,29.6,10.6081
1961,India,IND,INR,Asia,1960s,0.0354,0.134,0.3718,0.0318,0.334,0.0225,2.9559,0.0,2.25,Very Low (<$0.30),33.0,0.0237,1,partial,1,2.89,0.0182,0.0172,1.0,29.9,10.5017
1962,India,IND,INR,Asia,1960s,0.0366,0.1385,0.3805,0.0319,0.3317,0.0236,3.0561,3.39,0.31,Very Low (<$0.30),33.0,0.0245,1,partial,1,2.9,0.0182,0.0184,1.0,30.2,10.3974
1963,India,IND,INR,Asia,1960s,0.0375,0.142,0.3848,0.0327,0.3355,0.0244,3.1313,2.46,2.51,Very Low (<$0.30),33.0,0.0251,1,partial,1,2.89,0.0182,0.0193,1.0,30.6,10.2614
1964,India,IND,INR,Asia,1960s,0.0372,0.1408,0.3768,0.0321,0.3251,0.0238,3.1062,-0.8,-1.83,Very Low (<$0.30),33.0,0.0249,1,partial,1,2.88,0.0181,0.0191,1.0,31.0,10.129
1965,India,IND,INR,Asia,1960s,0.0379,0.1435,0.3778,0.0335,0.3339,0.0245,3.1647,1.88,4.36,Very Low (<$0.30),33.0,0.0254,1,partial,1,2.86,0.018,0.0199,1.0,31.5,9.9683
1966,India,IND,INR,Asia,1960s,0.0394,0.1491,0.3818,0.035,0.3392,0.0255,3.2899,3.96,4.48,Very Low (<$0.30),33.0,0.0264,1,partial,1,2.88,0.0181,0.0213,1.0,32.4,9.6914
1967,India,IND,INR,Asia,1960s,0.0401,0.1518,0.377,0.0351,0.33,0.0262,3.3483,1.78,0.29,Very Low (<$0.30),33.0,0.0269,1,partial,1,2.92,0.0184,0.0217,1.0,33.4,9.4012
1968,India,IND,INR,Asia,1960s,0.0394,0.1491,0.3555,0.0346,0.3122,0.025,3.2899,-1.75,-1.42,Very Low (<$0.30),33.0,0.0264,1,partial,1,2.94,0.0185,0.0209,1.0,34.8,9.023
1969,India,IND,INR,Asia,1960s,0.0418,0.1582,0.3576,0.0374,0.32,0.027,3.4903,6.09,8.09,Very Low (<$0.30),33.0,0.028,1,partial,1,3.09,0.0194,0.0224,1.0,36.7,8.5559
1970,India,IND,INR,Asia,1970s,0.0423,0.1601,0.3423,0.0375,0.3035,0.0272,3.532,1.2,0.27,Very Low (<$0.30),44.0,0.0237,1,partial,1,3.18,0.02,0.0223,1.0,38.8,8.0928
1971,India,IND,INR,Asia,1970s,0.0461,0.1745,0.3574,0.0401,0.3109,0.0297,3.8494,8.98,6.93,Very Low (<$0.30),44.0,0.0258,1,partial,1,3.6,0.0226,0.0235,1.0,40.5,7.7531
1972,India,IND,INR,Asia,1970s,0.0489,0.1851,0.3673,0.0419,0.3148,0.0315,4.0831,6.07,4.49,Very Low (<$0.30),44.0,0.0274,1,partial,1,3.6,0.0226,0.0263,1.0,41.8,7.512
1973,India,IND,INR,Asia,1970s,0.0533,0.2018,0.3769,0.0467,0.3303,0.0341,4.4505,9.0,11.46,Very Low (<$0.30),44.0,0.0298,1,partial,1,4.75,0.0299,0.0234,1.2,44.4,7.0721
1974,India,IND,INR,Asia,1970s,0.0591,0.2237,0.3764,0.0502,0.3197,0.0382,4.9348,10.88,7.49,Very Low (<$0.30),44.0,0.0331,1,partial,1,9.35,0.0588,0.0003,1.55,49.3,6.3692
1975,India,IND,INR,Asia,1970s,0.0623,0.2358,0.3636,0.0548,0.3198,0.0397,5.202,5.41,9.16,Very Low (<$0.30),44.0,0.0349,1,partial,1,10.72,0.0674,-0.0051,1.0,53.8,5.8364
1976,India,IND,INR,Asia,1970s,0.064,0.2423,0.3532,0.0554,0.3057,0.0415,5.344,2.73,1.09,Very Low (<$0.30),44.0,0.0358,1,partial,1,11.51,0.0724,-0.0084,1.0,56.9,5.5185
1977,India,IND,INR,Asia,1970s,0.0692,0.262,0.3586,0.061,0.3161,0.0439,5.7782,8.13,10.11,Very Low (<$0.30),44.0,0.0388,1,partial,1,13.92,0.0876,-0.0184,1.0,60.6,5.1815
1978,India,IND,INR,Asia,1970s,0.0718,0.2718,0.3458,0.0618,0.2976,0.0466,5.9953,3.76,1.31,Very Low (<$0.30),44.0,0.0402,1,partial,1,14.02,0.0882,-0.0164,1.0,65.2,4.816
1979,India,IND,INR,Asia,1970s,0.0801,0.3032,0.3464,0.0695,0.3006,0.0517,6.6884,11.56,12.46,Very Low (<$0.30),44.0,0.0449,1,partial,1,31.61,0.1988,-0.1187,1.3,72.6,4.3251
1980,India,IND,INR,Asia,1980s,0.0837,0.3168,0.319,0.0731,0.2786,0.0541,6.9889,4.49,5.18,Very Low (<$0.30),55.0,0.0377,1,partial,1,36.83,0.2317,-0.148,1.25,82.4,3.8107
1981,India,IND,INR,Asia,1980s,0.0868,0.3286,0.2998,0.0743,0.2567,0.0575,7.2478,3.7,1.64,Very Low (<$0.30),55.1,0.039,1,partial,1,35.75,0.2249,-0.1381,1.0,90.9,3.4543
1982,India,IND,INR,Asia,1980s,0.0861,0.3259,0.2802,0.0748,0.2434,0.0548,7.1893,-0.81,0.67,Very Low (<$0.30),55.2,0.0386,1,partial,1,31.82,0.2001,-0.114,1.0,96.5,3.2539
1983,India,IND,INR,Asia,1980s,0.0914,0.346,0.2881,0.0785,0.2475,0.0588,7.6319,6.16,4.95,Very Low (<$0.30),55.2,0.0409,1,partial,1,29.55,0.1859,-0.0945,1.0,99.6,3.1526
1984,India,IND,INR,Asia,1980s,0.0939,0.3554,0.2838,0.0835,0.2523,0.0625,7.8407,2.74,6.37,Very Low (<$0.30),55.3,0.042,1,partial,1,28.78,0.181,-0.0871,1.0,103.9,3.0221
1985,India,IND,INR,Asia,1980s,0.0912,0.3452,0.2661,0.0809,0.2361,0.0597,7.6152,-2.88,-3.11,Very Low (<$0.30),55.4,0.0407,1,partial,1,27.56,0.1733,-0.0821,1.0,107.6,2.9182
1986,India,IND,INR,Asia,1980s,0.1028,0.3891,0.2945,0.0899,0.2576,0.0671,8.5838,12.72,11.12,Very Low (<$0.30),55.5,0.0457,1,partial,1,14.43,0.0908,0.012,0.75,109.6,2.865
1987,India,IND,INR,Asia,1980s,0.1101,0.4168,0.3043,0.0965,0.2667,0.0713,9.1934,7.1,7.34,Very Low (<$0.30),55.6,0.0489,1,partial,1,18.44,0.116,-0.0059,1.0,113.6,2.7641
1988,India,IND,INR,Asia,1980s,0.1119,0.4236,0.297,0.0981,0.2604,0.0717,9.3437,1.63,1.66,Very Low (<$0.30),55.7,0.0496,1,partial,1,14.92,0.0938,0.0181,1.0,118.3,2.6543
1989,India,IND,INR,Asia,1980s,0.1253,0.4743,0.3173,0.1109,0.2808,0.0812,10.4626,11.97,13.05,Very Low (<$0.30),55.7,0.0555,1,partial,1,18.33,0.1153,0.01,1.0,124.0,2.5323
1990,India,IND,INR,Asia,1990s,0.1305,0.494,0.3135,0.1119,0.2688,0.0894,10.8968,4.15,0.9,Very Low (<$0.30),55.8,0.0577,1,partial,1,23.73,0.1493,-0.0188,1.0,130.7,2.4024
1991,India,IND,INR,Asia,1990s,0.1437,0.544,0.3313,0.123,0.2836,0.0929,11.9989,10.11,9.92,Very Low (<$0.30),55.9,0.0634,1,partial,1,20.2,0.1271,0.0166,1.0,136.2,2.3054
1992,India,IND,INR,Asia,1990s,0.1581,0.5985,0.3538,0.1377,0.3082,0.1013,13.2013,10.02,11.95,Very Low (<$0.30),56.0,0.0696,1,partial,1,19.32,0.1215,0.0366,1.0,140.3,2.2381
1993,India,IND,INR,Asia,1990s,0.177,0.67,0.3846,0.1544,0.3355,0.1192,14.7795,11.95,12.13,Very Low (<$0.30),56.1,0.0777,1,partial,1,16.97,0.1067,0.0703,1.0,144.5,2.173
1994,India,IND,INR,Asia,1990s,0.1966,0.7442,0.4165,0.1721,0.3646,0.1273,16.4161,11.07,11.46,Very Low (<$0.30),56.2,0.0861,1,partial,1,15.82,0.0995,0.0971,1.0,148.2,2.1188
1995,India,IND,INR,Asia,1990s,0.2213,0.8377,0.456,0.1908,0.3931,0.1488,18.4785,12.56,10.87,Very Low (<$0.30),56.2,0.0969,1,partial,1,17.02,0.1071,0.1142,1.0,152.4,2.0604
1996,India,IND,INR,Asia,1990s,0.228,0.8631,0.4563,0.1995,0.3993,0.1511,19.038,3.03,4.56,Very Low (<$0.30),56.3,0.0996,1,partial,1,22.12,0.1391,0.0889,1.0,156.9,2.0013
1997,India,IND,INR,Asia,1990s,0.2608,0.9872,0.5102,0.2312,0.4523,0.1751,21.7768,14.39,15.89,Very Low (<$0.30),56.4,0.1137,1,partial,1,19.09,0.1201,0.1407,1.0,160.5,1.9564
1998,India,IND,INR,Asia,1990s,0.2919,1.105,0.5623,0.2529,0.4872,0.1935,24.3736,11.92,9.39,Very Low (<$0.30),56.5,0.127,1,partial,1,13.07,0.0822,0.2097,0.82,163.0,1.9264
1999,India,IND,INR,Asia,1990s,0.3074,1.1636,0.5794,0.2682,0.5055,0.1969,25.6679,5.31,6.05,Low ($0.30–$0.70),56.6,0.1334,1,partial,1,17.97,0.113,0.1944,1.0,166.6,1.8848
2000,India,IND,INR,Asia,2000s,0.327,1.2378,0.5963,0.2838,0.5175,0.2074,27.3045,6.38,5.82,Low ($0.30–$0.70),56.6,0.1419,1,partial,1,30.38,0.1911,0.1359,1.0,172.2,1.8235
2001,India,IND,INR,Asia,2000s,0.3595,1.3609,0.6374,0.3145,0.5576,0.237,30.0182,9.94,10.82,Low ($0.30–$0.70),56.7,0.1557,1,partial,1,25.93,0.1631,0.1964,1.0,177.1,1.773
2002,India,IND,INR,Asia,2000s,0.4097,1.5509,0.7151,0.3621,0.632,0.2615,34.2099,13.96,15.14,Low ($0.30–$0.70),56.8,0.177,1,partial,1,26.15,0.1645,0.2452,1.0,179.9,1.7454
2003,India,IND,INR,Asia,2000s,0.4244,1.6065,0.7242,0.377,0.6434,0.2753,35.4374,3.59,4.11,Low ($0.30–$0.70),56.9,0.1829,1,partial,1,31.07,0.1954,0.229,1.0,184.0,1.7065
2004,India,IND,INR,Asia,2000s,0.4969,1.881,0.826,0.437,0.7264,0.316,41.4911,17.08,15.92,Low ($0.30–$0.70),57.0,0.2137,1,partial,1,41.49,0.261,0.2359,1.0,188.9,1.6623
2005,India,IND,INR,Asia,2000s,0.5245,1.9854,0.8433,0.454,0.7299,0.3396,43.7957,5.55,3.89,Low ($0.30–$0.70),57.1,0.225,1,partial,1,56.59,0.3559,0.1686,1.0,195.3,1.6078
2006,India,IND,INR,Asia,2000s,0.5658,2.1418,0.8813,0.502,0.7819,0.368,47.2443,7.87,10.57,Low ($0.30–$0.70),57.1,0.2427,1,partial,1,66.02,0.4153,0.1505,1.0,201.6,1.5575
2007,India,IND,INR,Asia,2000s,0.6272,2.3742,0.95,0.5399,0.8178,0.4127,52.3712,10.85,7.55,Low ($0.30–$0.70),57.2,0.2684,1,partial,1,72.34,0.455,0.1722,1.0,207.3,1.5147
2008,India,IND,INR,Asia,2000s,0.6861,2.5972,1.0006,0.6112,0.8914,0.4476,57.2894,9.39,13.21,Low ($0.30–$0.70),57.3,0.293,1,partial,1,99.67,0.6269,0.0592,1.28,215.3,1.4584
2009,India,IND,INR,Asia,2000s,0.6976,2.6407,1.0212,0.6083,0.8905,0.4433,58.2496,1.68,-0.47,Low ($0.30–$0.70),57.4,0.2972,1,partial,1,61.74,0.3883,0.3093,0.78,214.5,1.4639
2010,India,IND,INR,Asia,2010s,0.7126,2.6975,1.0259,0.6247,0.8994,0.4726,59.5021,2.15,2.7,Medium ($0.70–$1.10),57.5,0.3029,1,partial,1,79.61,0.5007,0.2119,1.0,218.1,1.4397
2011,India,IND,INR,Asia,2010s,0.7656,2.8981,1.0689,0.6664,0.9304,0.5011,63.9276,7.44,6.68,Medium ($0.70–$1.10),57.6,0.3246,1,partial,1,111.26,0.6998,0.0658,1.0,224.9,1.3962
2012,India,IND,INR,Asia,2010s,0.8083,3.0597,1.1054,0.7106,0.9718,0.5336,67.493,5.58,6.63,Medium ($0.70–$1.10),57.6,0.3427,1,partial,1,112.01,0.7045,0.1038,1.0,229.6,1.3676
2013,India,IND,INR,Asia,2010s,0.8231,3.1158,1.1092,0.7411,0.9987,0.5416,68.7289,1.83,4.29,Medium ($0.70–$1.10),57.7,0.3482,1,partial,1,108.66,0.6835,0.1396,1.0,233.0,1.3476
2014,India,IND,INR,Asia,2010s,0.904,3.422,1.1992,0.8077,1.0715,0.5784,75.484,9.83,8.99,Medium ($0.70–$1.10),57.8,0.3815,1,partial,1,98.97,0.6225,0.2815,1.0,236.7,1.3266
2015,India,IND,INR,Asia,2010s,0.9203,3.4837,1.2193,0.8014,1.0618,0.6138,76.8451,1.8,-0.78,Medium ($0.70–$1.10),57.9,0.3874,1,partial,1,52.39,0.3295,0.5908,1.0,237.0,1.3249
2016,India,IND,INR,Asia,2010s,0.9482,3.5893,1.2406,0.8449,1.1054,0.5874,79.1747,3.03,5.43,Medium ($0.70–$1.10),58.0,0.3982,0,partial,1,43.74,0.2751,0.6731,1.0,240.0,1.3083
2017,India,IND,INR,Asia,2010s,1.0005,3.7873,1.2818,0.8613,1.1034,0.647,83.5417,5.52,1.94,Medium ($0.70–$1.10),58.1,0.4192,0,partial,1,54.25,0.3412,0.6593,1.0,245.1,1.2811
2018,India,IND,INR,Asia,2010s,1.0786,4.0829,1.3488,0.95,1.188,0.7136,90.0631,7.81,10.3,Medium ($0.70–$1.10),58.1,0.4519,0,partial,1,71.34,0.4487,0.6299,1.0,251.1,1.2505
2019,India,IND,INR,Asia,2010s,1.1064,4.1882,1.3587,0.9925,1.2188,0.7283,92.3844,2.58,4.47,High ($1.10–$1.60),58.2,0.4625,0,partial,1,64.37,0.4049,0.7015,1.0,255.7,1.228
2020,India,IND,INR,Asia,2020s,1.2007,4.5451,1.4568,1.0384,1.2599,0.7668,100.2585,8.52,4.62,High ($1.10–$1.60),58.3,0.5007,0,partial,1,41.84,0.2632,0.9375,0.72,258.8,1.2133
2021,India,IND,INR,Asia,2020s,1.2411,4.6981,1.438,1.1027,1.2777,0.8242,103.6319,3.36,6.19,High ($1.10–$1.60),58.4,0.5163,0,partial,1,70.86,0.4457,0.7954,1.0,271.0,1.1587
2022,India,IND,INR,Asia,2020s,1.3711,5.1902,1.4709,1.2246,1.3137,0.8908,114.4869,10.47,11.05,High ($1.10–$1.60),58.5,0.569,0,partial,1,101.32,0.6373,0.7338,1.3,292.7,1.0728
2023,India,IND,INR,Asia,2020s,1.2881,4.876,1.3274,1.1224,1.1567,0.8425,107.5564,-6.05,-8.35,High ($1.10–$1.60),58.5,0.5346,0,partial,1,82.49,0.5188,0.7693,1.0,304.7,1.0305
2024,India,IND,INR,Asia,2020s,1.2909,4.8866,1.2909,1.1528,1.1528,0.8145,107.7901,0.22,2.71,High ($1.10–$1.60),58.6,0.5344,0,partial,1,80.0,0.5032,0.7877,1.0,314.0,1.0
1924,Indonesia,IDN,IDR,Asia,1920s,0.01,0.0379,0.1836,0.0082,0.1506,0.0046,156.0,,,Very Low (<$0.30),0.0,0.01,0,heavy,1,1.43,0.009,0.001,1.0,17.1,18.3626
1925,Indonesia,IDN,IDR,Asia,1920s,0.0099,0.0375,0.1776,0.0081,0.1453,0.0045,154.44,-1.0,-1.22,Very Low (<$0.30),0.0,0.0099,0,heavy,1,1.68,0.0106,-0.0007,1.0,17.5,17.9429
1926,Indonesia,IDN,IDR,Asia,1920s,0.0104,0.0394,0.1845,0.0086,0.1526,0.0047,162.24,5.05,6.17,Very Low (<$0.30),0.0,0.0104,0,heavy,1,1.88,0.0118,-0.0014,1.0,17.7,17.7401
1927,Indonesia,IDN,IDR,Asia,1920s,0.0105,0.0397,0.1895,0.0084,0.1516,0.0047,163.8,0.96,-2.33,Very Low (<$0.30),0.0,0.0105,0,heavy,1,1.3,0.0082,0.0023,1.0,17.4,18.046
1928,Indonesia,IDN,IDR,Asia,1920s,0.0108,0.0409,0.1983,0.0087,0.1598,0.0049,168.48,2.86,3.57,Very Low (<$0.30),0.0,0.0108,0,heavy,1,1.17,0.0074,0.0034,1.0,17.1,18.3626
1929,Indonesia,IDN,IDR,Asia,1920s,0.0105,0.0397,0.1928,0.0086,0.1579,0.0047,163.8,-2.78,-1.15,Very Low (<$0.30),0.0,0.0105,0,heavy,1,1.27,0.008,0.0025,1.0,17.1,18.3626
1930,Indonesia,IDN,IDR,Asia,1930s,0.0111,0.042,0.2087,0.0093,0.1749,0.005,173.16,5.71,8.14,Very Low (<$0.30),0.0,0.0111,0,heavy,1,1.19,0.0075,0.0036,1.0,16.7,18.8024
1931,Indonesia,IDN,IDR,Asia,1930s,0.0113,0.0428,0.2334,0.0093,0.1921,0.005,176.28,1.8,0.0,Very Low (<$0.30),0.0,0.0113,0,heavy,1,0.65,0.0041,0.0072,1.0,15.2,20.6579
1932,Indonesia,IDN,IDR,Asia,1930s,0.0113,0.0428,0.259,0.0091,0.2086,0.0049,176.28,0.0,-2.15,Very Low (<$0.30),0.0,0.0113,0,heavy,1,0.87,0.0055,0.0058,1.0,13.7,22.9197
1933,Indonesia,IDN,IDR,Asia,1930s,0.0119,0.045,0.2874,0.0094,0.227,0.0055,185.64,5.31,3.3,Very Low (<$0.30),0.0,0.0119,0,heavy,1,0.67,0.0042,0.0077,1.0,13.0,24.1538
1934,Indonesia,IDN,IDR,Asia,1930s,0.0127,0.0481,0.2976,0.0106,0.2484,0.0057,198.12,6.72,12.77,Very Low (<$0.30),0.0,0.0127,0,heavy,1,1.0,0.0063,0.0064,1.0,13.4,23.4328
1935,Indonesia,IDN,IDR,Asia,1930s,0.0126,0.0477,0.2888,0.0103,0.2361,0.0056,196.56,-0.79,-2.83,Very Low (<$0.30),0.0,0.0126,0,heavy,1,0.97,0.0061,0.0065,1.0,13.7,22.9197
1936,Indonesia,IDN,IDR,Asia,1930s,0.0137,0.0519,0.3095,0.0112,0.253,0.0064,213.72,8.73,8.74,Very Low (<$0.30),0.0,0.0137,0,heavy,1,1.09,0.0069,0.0068,1.0,13.9,22.5899
1937,Indonesia,IDN,IDR,Asia,1930s,0.0137,0.0519,0.2987,0.0114,0.2486,0.0062,213.72,0.0,1.79,Very Low (<$0.30),0.0,0.0137,0,heavy,1,1.18,0.0074,0.0063,1.0,14.4,21.8056
1938,Indonesia,IDN,IDR,Asia,1930s,0.0146,0.0553,0.3251,0.0119,0.265,0.0066,227.76,6.57,4.39,Very Low (<$0.30),0.0,0.0146,0,heavy,1,1.13,0.0071,0.0075,1.0,14.1,22.2695
1939,Indonesia,IDN,IDR,Asia,1930s,0.0147,0.0556,0.3321,0.0118,0.2666,0.0067,229.32,0.68,-0.84,Very Low (<$0.30),0.0,0.0147,0,heavy,1,1.02,0.0064,0.0083,1.0,13.9,22.5899
1940,Indonesia,IDN,IDR,Asia,1940s,0.0152,0.0575,0.3409,0.0127,0.2848,0.0068,237.12,3.4,7.63,Very Low (<$0.30),0.0,0.0152,0,heavy,1,1.02,0.0064,0.0088,1.0,14.0,22.4286
1941,Indonesia,IDN,IDR,Asia,1940s,0.0154,0.0583,0.329,0.0125,0.267,0.007,240.24,1.32,-1.57,Very Low (<$0.30),0.0,0.0154,0,heavy,1,1.14,0.0072,0.0082,1.0,14.7,21.3605
1942,Indonesia,IDN,IDR,Asia,1940s,0.0158,0.0598,0.3044,0.0128,0.2466,0.0071,246.48,2.6,2.4,Very Low (<$0.30),0.0,0.0158,0,heavy,1,1.19,0.0075,0.0083,1.0,16.3,19.2638
1943,Indonesia,IDN,IDR,Asia,1940s,0.0158,0.0598,0.2868,0.0128,0.2323,0.0072,246.48,0.0,0.0,Very Low (<$0.30),0.0,0.0158,0,heavy,1,1.2,0.0075,0.0083,1.0,17.3,18.1503
1944,Indonesia,IDN,IDR,Asia,1940s,0.0162,0.0613,0.289,0.0132,0.2355,0.0074,252.72,2.53,3.12,Very Low (<$0.30),0.0,0.0162,0,heavy,1,1.21,0.0076,0.0086,1.0,17.6,17.8409
1945,Indonesia,IDN,IDR,Asia,1940s,0.0165,0.0625,0.2878,0.0136,0.2372,0.0072,257.4,1.85,3.03,Very Low (<$0.30),0.0,0.0165,0,heavy,1,1.22,0.0077,0.0088,1.0,18.0,17.4444
1946,Indonesia,IDN,IDR,Asia,1940s,0.017,0.0644,0.2737,0.0136,0.219,0.0077,265.2,3.03,0.0,Very Low (<$0.30),0.0,0.017,0,heavy,1,1.41,0.0089,0.0081,1.0,19.5,16.1026
1947,Indonesia,IDN,IDR,Asia,1940s,0.0171,0.0647,0.2408,0.0142,0.1999,0.0075,266.76,0.59,4.41,Very Low (<$0.30),0.0,0.0171,0,heavy,1,1.93,0.0121,0.005,1.0,22.3,14.0807
1948,Indonesia,IDN,IDR,Asia,1940s,0.0175,0.0662,0.228,0.0146,0.1902,0.0081,273.0,2.34,2.82,Very Low (<$0.30),0.0,0.0175,0,heavy,1,2.6,0.0164,0.0011,1.0,24.1,13.029
1949,Indonesia,IDN,IDR,Asia,1940s,0.0183,0.0693,0.2414,0.0149,0.1966,0.0084,285.48,4.57,2.05,Very Low (<$0.30),0.0,0.0183,0,heavy,1,2.54,0.016,0.0023,1.0,23.8,13.1933
1950,Indonesia,IDN,IDR,Asia,1950s,0.0177,0.067,0.2306,0.0144,0.1876,0.0082,276.12,-3.28,-3.36,Very Low (<$0.30),0.0,0.0177,1,heavy,1,2.51,0.0158,0.0019,1.0,24.1,13.029
1951,Indonesia,IDN,IDR,Asia,1950s,0.0188,0.0712,0.227,0.0156,0.1884,0.0087,293.28,6.21,8.33,Very Low (<$0.30),0.0,0.0188,1,heavy,1,2.53,0.0159,0.0029,1.0,26.0,12.0769
1952,Indonesia,IDN,IDR,Asia,1950s,0.0183,0.0693,0.2168,0.0148,0.1754,0.008,285.48,-2.66,-5.13,Very Low (<$0.30),0.0,0.0183,1,heavy,1,2.53,0.0159,0.0024,1.0,26.5,11.8491
1953,Indonesia,IDN,IDR,Asia,1950s,0.0189,0.0715,0.2223,0.0158,0.1858,0.0085,294.84,3.28,6.76,Very Low (<$0.30),0.0,0.0189,1,heavy,1,2.68,0.0169,0.002,1.0,26.7,11.7603
1954,Indonesia,IDN,IDR,Asia,1950s,0.0184,0.0697,0.2148,0.0152,0.1774,0.0081,287.04,-2.65,-3.8,Very Low (<$0.30),0.0,0.0184,1,heavy,1,2.78,0.0175,0.0009,1.0,26.9,11.6729
1955,Indonesia,IDN,IDR,Asia,1950s,0.0195,0.0738,0.2285,0.0161,0.1886,0.0087,304.2,5.98,5.92,Very Low (<$0.30),0.0,0.0195,1,heavy,1,2.77,0.0174,0.0021,1.0,26.8,11.7164
1956,Indonesia,IDN,IDR,Asia,1950s,0.0186,0.0704,0.2147,0.0153,0.1766,0.0083,290.16,-4.62,-4.97,Very Low (<$0.30),0.0,0.0186,1,heavy,1,2.79,0.0175,0.0011,1.0,27.2,11.5441
1957,Indonesia,IDN,IDR,Asia,1950s,0.0197,0.0746,0.2201,0.0162,0.181,0.0088,307.32,5.91,5.88,Very Low (<$0.30),0.0,0.0197,1,heavy,1,3.09,0.0194,0.0003,1.0,28.1,11.1744
1958,Indonesia,IDN,IDR,Asia,1950s,0.0196,0.0742,0.213,0.0162,0.176,0.009,305.76,-0.51,0.0,Very Low (<$0.30),0.0,0.0196,1,heavy,1,3.01,0.0189,0.0007,1.0,28.9,10.8651
1959,Indonesia,IDN,IDR,Asia,1950s,0.0192,0.0727,0.2072,0.016,0.1726,0.0086,299.52,-2.04,-1.23,Very Low (<$0.30),0.0,0.0192,1,heavy,1,2.9,0.0182,0.001,1.0,29.1,10.7904
1960,Indonesia,IDN,IDR,Asia,1960s,0.0206,0.078,0.2185,0.0169,0.1793,0.0091,321.36,7.29,5.62,Very Low (<$0.30),0.0,0.0206,1,heavy,1,2.88,0.0181,0.0025,1.0,29.6,10.6081
1961,Indonesia,IDN,IDR,Asia,1960s,0.0203,0.0768,0.2132,0.0167,0.1754,0.0093,316.68,-1.46,-1.18,Very Low (<$0.30),0.0,0.0203,1,heavy,1,2.89,0.0182,0.0021,1.0,29.9,10.5017
1962,Indonesia,IDN,IDR,Asia,1960s,0.02,0.0757,0.2079,0.0163,0.1695,0.0087,312.0,-1.48,-2.4,Very Low (<$0.30),0.0,0.02,1,heavy,1,2.9,0.0182,0.0018,1.0,30.2,10.3974
1963,Indonesia,IDN,IDR,Asia,1960s,0.0206,0.078,0.2114,0.0165,0.1693,0.0093,321.36,3.0,1.23,Very Low (<$0.30),0.0,0.0206,1,heavy,1,2.89,0.0182,0.0024,1.0,30.6,10.2614
1964,Indonesia,IDN,IDR,Asia,1960s,0.0206,0.078,0.2087,0.0173,0.1752,0.0093,321.36,0.0,4.85,Very Low (<$0.30),0.0,0.0206,1,heavy,1,2.88,0.0181,0.0025,1.0,31.0,10.129
1965,Indonesia,IDN,IDR,Asia,1960s,0.0208,0.0787,0.2073,0.017,0.1695,0.0092,324.48,0.97,-1.73,Very Low (<$0.30),0.0,0.0208,1,heavy,1,2.86,0.018,0.0028,1.0,31.5,9.9683
1966,Indonesia,IDN,IDR,Asia,1960s,0.0212,0.0803,0.2055,0.0172,0.1667,0.0092,330.72,1.92,1.18,Very Low (<$0.30),0.0,0.0212,1,heavy,1,2.88,0.0181,0.0031,1.0,32.4,9.6914
1967,Indonesia,IDN,IDR,Asia,1960s,0.0205,0.0776,0.1927,0.0168,0.1579,0.0093,319.8,-3.3,-2.33,Very Low (<$0.30),0.0,0.0205,1,heavy,1,2.92,0.0184,0.0021,1.0,33.4,9.4012
1968,Indonesia,IDN,IDR,Asia,1960s,0.0219,0.0829,0.1976,0.0182,0.1642,0.0098,341.64,6.83,8.33,Very Low (<$0.30),0.0,0.0219,1,heavy,1,2.94,0.0185,0.0034,1.0,34.8,9.023
1969,Indonesia,IDN,IDR,Asia,1960s,0.0213,0.0806,0.1822,0.0173,0.148,0.0095,332.28,-2.74,-4.95,Very Low (<$0.30),0.0,0.0213,1,heavy,1,3.09,0.0194,0.0019,1.0,36.7,8.5559
1970,Indonesia,IDN,IDR,Asia,1970s,0.0221,0.0837,0.1789,0.0176,0.1424,0.0101,344.76,3.76,1.73,Very Low (<$0.30),0.0,0.0221,1,heavy,1,3.18,0.02,0.0021,1.0,38.8,8.0928
1971,Indonesia,IDN,IDR,Asia,1970s,0.0244,0.0924,0.1892,0.0197,0.1527,0.0113,380.64,10.41,11.93,Very Low (<$0.30),0.0,0.0244,1,heavy,1,3.6,0.0226,0.0018,1.0,40.5,7.7531
1972,Indonesia,IDN,IDR,Asia,1970s,0.0277,0.1049,0.2081,0.0225,0.169,0.0121,432.12,13.52,14.21,Very Low (<$0.30),0.0,0.0277,1,heavy,1,3.6,0.0226,0.0051,1.0,41.8,7.512
1973,Indonesia,IDN,IDR,Asia,1970s,0.0322,0.1219,0.2277,0.0268,0.1895,0.0144,502.32,16.25,19.11,Very Low (<$0.30),0.0,0.0322,1,heavy,1,4.75,0.0299,0.0023,1.2,44.4,7.0721
1974,Indonesia,IDN,IDR,Asia,1970s,0.0346,0.131,0.2204,0.0285,0.1815,0.0157,539.76,7.45,6.34,Very Low (<$0.30),0.0,0.0346,1,heavy,1,9.35,0.0588,-0.0242,1.55,49.3,6.3692
1975,Indonesia,IDN,IDR,Asia,1970s,0.0372,0.1408,0.2171,0.0311,0.1815,0.0167,580.32,7.51,9.12,Very Low (<$0.30),0.0,0.0372,1,heavy,1,10.72,0.0674,-0.0302,1.0,53.8,5.8364
1976,Indonesia,IDN,IDR,Asia,1970s,0.0408,0.1544,0.2252,0.0328,0.181,0.0181,636.48,9.68,5.47,Very Low (<$0.30),0.0,0.0408,1,heavy,1,11.51,0.0724,-0.0316,1.0,56.9,5.5185
1977,Indonesia,IDN,IDR,Asia,1970s,0.0452,0.1711,0.2342,0.0369,0.1912,0.0203,705.12,10.78,12.5,Very Low (<$0.30),0.0,0.0452,1,heavy,1,13.92,0.0876,-0.0424,1.0,60.6,5.1815
1978,Indonesia,IDN,IDR,Asia,1970s,0.0497,0.1881,0.2394,0.0405,0.195,0.0215,775.32,9.96,9.76,Very Low (<$0.30),0.0,0.0497,1,heavy,1,14.02,0.0882,-0.0385,1.0,65.2,4.816
1979,Indonesia,IDN,IDR,Asia,1970s,0.0537,0.2033,0.2323,0.0441,0.1907,0.0236,837.72,8.05,8.89,Very Low (<$0.30),0.0,0.0537,1,heavy,1,31.61,0.1988,-0.1451,1.3,72.6,4.3251
1980,Indonesia,IDN,IDR,Asia,1980s,0.0597,0.226,0.2275,0.0483,0.1841,0.0268,931.32,11.17,9.52,Very Low (<$0.30),0.0,0.0597,1,heavy,1,36.83,0.2317,-0.172,1.25,82.4,3.8107
1981,Indonesia,IDN,IDR,Asia,1980s,0.0581,0.2199,0.2007,0.0469,0.162,0.026,906.36,-2.68,-2.9,Very Low (<$0.30),0.0,0.0581,1,heavy,1,35.75,0.2249,-0.1668,1.0,90.9,3.4543
1982,Indonesia,IDN,IDR,Asia,1980s,0.0621,0.2351,0.2021,0.0508,0.1653,0.0287,968.76,6.88,8.32,Very Low (<$0.30),0.0,0.0621,1,heavy,1,31.82,0.2001,-0.138,1.0,96.5,3.2539
1983,Indonesia,IDN,IDR,Asia,1980s,0.0633,0.2396,0.1996,0.0534,0.1683,0.0292,987.48,1.93,5.12,Very Low (<$0.30),0.0,0.0633,1,heavy,1,29.55,0.1859,-0.1226,1.0,99.6,3.1526
1984,Indonesia,IDN,IDR,Asia,1980s,0.064,0.2423,0.1934,0.053,0.1602,0.028,998.4,1.11,-0.75,Very Low (<$0.30),0.0,0.064,1,heavy,1,28.78,0.181,-0.117,1.0,103.9,3.0221
1985,Indonesia,IDN,IDR,Asia,1980s,0.0644,0.2438,0.1879,0.0518,0.1512,0.0298,1004.64,0.62,-2.26,Very Low (<$0.30),0.0,0.0644,1,heavy,1,27.56,0.1733,-0.1089,1.0,107.6,2.9182
1986,Indonesia,IDN,IDR,Asia,1980s,0.0675,0.2555,0.1934,0.0562,0.161,0.0313,1053.0,4.81,8.49,Very Low (<$0.30),0.0,0.0675,1,heavy,1,14.43,0.0908,-0.0233,0.75,109.6,2.865
1987,Indonesia,IDN,IDR,Asia,1980s,0.0656,0.2483,0.1813,0.0535,0.1479,0.0291,1023.36,-2.81,-4.8,Very Low (<$0.30),0.0,0.0656,1,heavy,1,18.44,0.116,-0.0504,1.0,113.6,2.7641
1988,Indonesia,IDN,IDR,Asia,1980s,0.0704,0.2665,0.1869,0.0586,0.1555,0.0324,1098.24,7.32,9.53,Very Low (<$0.30),0.0,0.0704,1,heavy,1,14.92,0.0938,-0.0234,1.0,118.3,2.6543
1989,Indonesia,IDN,IDR,Asia,1980s,0.0715,0.2707,0.1811,0.0571,0.1446,0.0326,1115.4,1.56,-2.56,Very Low (<$0.30),0.0,0.0715,1,heavy,1,18.33,0.1153,-0.0438,1.0,124.0,2.5323
1990,Indonesia,IDN,IDR,Asia,1990s,0.0718,0.2718,0.1725,0.0594,0.1427,0.0323,1120.08,0.42,4.03,Very Low (<$0.30),0.0,0.0718,1,heavy,1,23.73,0.1493,-0.0775,1.0,130.7,2.4024
1991,Indonesia,IDN,IDR,Asia,1990s,0.0787,0.2979,0.1814,0.0631,0.1455,0.0349,1227.72,9.61,6.23,Very Low (<$0.30),0.0,0.0787,1,heavy,1,20.2,0.1271,-0.0484,1.0,136.2,2.3054
1992,Indonesia,IDN,IDR,Asia,1990s,0.0881,0.3335,0.1972,0.0699,0.1564,0.0396,1374.36,11.94,10.78,Very Low (<$0.30),0.0,0.0881,1,heavy,1,19.32,0.1215,-0.0334,1.0,140.3,2.2381
1993,Indonesia,IDN,IDR,Asia,1990s,0.0985,0.3729,0.214,0.0832,0.1808,0.0434,1536.6,11.8,19.03,Very Low (<$0.30),0.0,0.0985,1,heavy,1,16.97,0.1067,-0.0082,1.0,144.5,2.173
1994,Indonesia,IDN,IDR,Asia,1990s,0.1078,0.4081,0.2284,0.0887,0.1879,0.0492,1681.68,9.44,6.61,Very Low (<$0.30),0.0,0.1078,1,heavy,1,15.82,0.0995,0.0083,1.0,148.2,2.1188
1995,Indonesia,IDN,IDR,Asia,1990s,0.1204,0.4558,0.2481,0.0979,0.2017,0.0533,1878.24,11.69,10.37,Very Low (<$0.30),0.0,0.1204,1,heavy,1,17.02,0.1071,0.0133,1.0,152.4,2.0604
1996,Indonesia,IDN,IDR,Asia,1990s,0.1245,0.4713,0.2492,0.1005,0.2011,0.0567,1942.2,3.41,2.66,Very Low (<$0.30),0.0,0.1245,1,heavy,1,22.12,0.1391,-0.0146,1.0,156.9,2.0013
1997,Indonesia,IDN,IDR,Asia,1990s,0.1286,0.4868,0.2516,0.105,0.2054,0.0577,2006.16,3.29,4.48,Very Low (<$0.30),0.0,0.1286,1,heavy,1,19.09,0.1201,0.0085,1.0,160.5,1.9564
1998,Indonesia,IDN,IDR,Asia,1990s,0.1315,0.4978,0.2533,0.1118,0.2154,0.0594,2051.4,2.26,6.48,Very Low (<$0.30),0.0,0.1315,1,heavy,1,13.07,0.0822,0.0493,0.82,163.0,1.9264
1999,Indonesia,IDN,IDR,Asia,1990s,0.1422,0.5383,0.268,0.1152,0.2171,0.0619,2218.32,8.14,3.04,Very Low (<$0.30),0.0,0.1422,1,heavy,1,17.97,0.113,0.0292,1.0,166.6,1.8848
2000,Indonesia,IDN,IDR,Asia,2000s,0.1392,0.5269,0.2538,0.1125,0.2051,0.0615,2171.52,-2.11,-2.34,Very Low (<$0.30),0.0,0.1392,1,heavy,1,30.38,0.1911,-0.0519,1.0,172.2,1.8235
2001,Indonesia,IDN,IDR,Asia,2000s,0.1539,0.5826,0.2729,0.1259,0.2232,0.07,2400.84,10.56,11.91,Very Low (<$0.30),0.0,0.1539,1,heavy,1,25.93,0.1631,-0.0092,1.0,177.1,1.773
2002,Indonesia,IDN,IDR,Asia,2000s,0.1777,0.6727,0.3102,0.1514,0.2643,0.08,2772.12,15.46,20.25,Very Low (<$0.30),0.0,0.1777,1,heavy,1,26.15,0.1645,0.0132,1.0,179.9,1.7454
2003,Indonesia,IDN,IDR,Asia,2000s,0.1993,0.7544,0.3401,0.1653,0.2821,0.0875,3109.08,12.16,9.18,Very Low (<$0.30),0.0,0.1993,1,heavy,1,31.07,0.1954,0.0039,1.0,184.0,1.7065
2004,Indonesia,IDN,IDR,Asia,2000s,0.2207,0.8354,0.3669,0.1817,0.302,0.0978,3442.92,10.74,9.92,Very Low (<$0.30),0.0,0.2207,1,heavy,1,41.49,0.261,-0.0403,1.0,188.9,1.6623
2005,Indonesia,IDN,IDR,Asia,2000s,0.2512,0.9509,0.4039,0.2081,0.3346,0.114,3918.72,13.82,14.53,Very Low (<$0.30),0.0,0.2512,1,heavy,1,56.59,0.3559,-0.1047,1.0,195.3,1.6078
2006,Indonesia,IDN,IDR,Asia,2000s,0.3106,1.1757,0.4838,0.2579,0.4017,0.1363,4845.36,23.65,23.93,Low ($0.30–$0.70),0.0,0.3106,1,heavy,1,66.02,0.4153,-0.1047,1.0,201.6,1.5575
2007,Indonesia,IDN,IDR,Asia,2000s,0.382,1.446,0.5786,0.3096,0.469,0.1741,5959.2,22.99,20.05,Low ($0.30–$0.70),0.0,0.382,1,heavy,1,72.34,0.455,-0.073,1.0,207.3,1.5147
2008,Indonesia,IDN,IDR,Asia,2000s,0.4633,1.7538,0.6757,0.3746,0.5463,0.2142,7227.48,21.28,20.99,Low ($0.30–$0.70),0.0,0.4633,1,heavy,1,99.67,0.6269,-0.1636,1.28,215.3,1.4584
2009,Indonesia,IDN,IDR,Asia,2000s,0.4876,1.8458,0.7138,0.402,0.5885,0.2182,7606.56,5.24,7.31,Low ($0.30–$0.70),0.0,0.4876,1,heavy,1,61.74,0.3883,0.0993,0.78,214.5,1.4639
2010,Indonesia,IDN,IDR,Asia,2010s,0.4773,1.8068,0.6872,0.3858,0.5554,0.217,7445.88,-2.11,-4.03,Low ($0.30–$0.70),0.0,0.4773,1,heavy,1,79.61,0.5007,-0.0234,1.0,218.1,1.4397
2011,Indonesia,IDN,IDR,Asia,2010s,0.5074,1.9207,0.7084,0.4291,0.5991,0.2319,7915.44,6.31,11.22,Low ($0.30–$0.70),0.0,0.5074,1,heavy,1,111.26,0.6998,-0.1924,1.0,224.9,1.3962
2012,Indonesia,IDN,IDR,Asia,2010s,0.5268,1.9942,0.7204,0.4303,0.5885,0.2505,8218.08,3.82,0.28,Low ($0.30–$0.70),0.0,0.5268,1,heavy,1,112.01,0.7045,-0.1777,1.0,229.6,1.3676
2013,Indonesia,IDN,IDR,Asia,2010s,0.5427,2.0543,0.7314,0.4413,0.5947,0.2406,8466.12,3.02,2.56,Low ($0.30–$0.70),0.0,0.5427,1,heavy,1,108.66,0.6835,-0.1408,1.0,233.0,1.3476
2014,Indonesia,IDN,IDR,Asia,2010s,0.5717,2.1641,0.7584,0.4659,0.6181,0.2487,8918.52,5.34,5.57,Low ($0.30–$0.70),0.0,0.5717,1,heavy,1,98.97,0.6225,-0.0508,1.0,236.7,1.3266
2015,Indonesia,IDN,IDR,Asia,2010s,0.639,2.4189,0.8466,0.5217,0.6912,0.2833,9968.4,11.77,11.98,Low ($0.30–$0.70),0.0,0.639,1,heavy,1,52.39,0.3295,0.3095,1.0,237.0,1.3249
2016,Indonesia,IDN,IDR,Asia,2010s,0.63,2.3848,0.8243,0.5246,0.6864,0.2909,9828.0,-1.41,0.56,Low ($0.30–$0.70),0.0,0.63,1,heavy,1,43.74,0.2751,0.3549,1.0,240.0,1.3083
2017,Indonesia,IDN,IDR,Asia,2010s,0.6248,2.3651,0.8004,0.5173,0.6627,0.2681,9746.88,-0.83,-1.39,Low ($0.30–$0.70),0.0,0.6248,1,heavy,1,54.25,0.3412,0.2836,1.0,245.1,1.2811
2018,Indonesia,IDN,IDR,Asia,2010s,0.6483,2.4541,0.8107,0.5313,0.6644,0.2861,10113.48,3.76,2.71,Low ($0.30–$0.70),0.0,0.6483,1,heavy,1,71.34,0.4487,0.1996,1.0,251.1,1.2505
2019,Indonesia,IDN,IDR,Asia,2010s,0.6652,2.5181,0.8169,0.5637,0.6922,0.3054,10377.12,2.61,6.1,Low ($0.30–$0.70),0.0,0.6652,1,heavy,1,64.37,0.4049,0.2603,1.0,255.7,1.228
2020,Indonesia,IDN,IDR,Asia,2020s,0.6804,2.5756,0.8255,0.5666,0.6875,0.3032,10614.24,2.29,0.51,Low ($0.30–$0.70),0.0,0.6804,1,heavy,1,41.84,0.2632,0.4172,0.72,258.8,1.2133
2021,Indonesia,IDN,IDR,Asia,2020s,0.6901,2.6123,0.7996,0.5697,0.6601,0.3139,10765.56,1.43,0.55,Low ($0.30–$0.70),0.0,0.6901,1,heavy,1,70.86,0.4457,0.2444,1.0,271.0,1.1587
2022,Indonesia,IDN,IDR,Asia,2020s,0.739,2.7974,0.7928,0.6088,0.6531,0.3363,11528.4,7.09,6.86,Medium ($0.70–$1.10),0.0,0.739,1,heavy,1,101.32,0.6373,0.1017,1.3,292.7,1.0728
2023,Indonesia,IDN,IDR,Asia,2020s,0.7894,2.9882,0.8135,0.644,0.6637,0.3683,12314.64,6.82,5.78,Medium ($0.70–$1.10),0.0,0.7894,1,heavy,1,82.49,0.5188,0.2706,1.0,304.7,1.0305
2024,Indonesia,IDN,IDR,Asia,2020s,0.766,2.8996,0.766,0.6249,0.6249,0.3377,11949.6,-2.96,-2.97,Medium ($0.70–$1.10),0.0,0.766,1,heavy,1,80.0,0.5032,0.2628,1.0,314.0,1.0
1924,Singapore,SGP,SGD,Asia,1920s,0.0198,0.075,0.3636,0.0188,0.3452,0.0139,0.0267,,,Very Low (<$0.30),19.2,0.016,0,none,0,1.43,0.009,0.0108,1.0,17.1,18.3626
1925,Singapore,SGP,SGD,Asia,1920s,0.0202,0.0765,0.3624,0.0193,0.3463,0.0142,0.0273,2.02,2.66,Very Low (<$0.30),19.2,0.0163,0,none,0,1.68,0.0106,0.0096,1.0,17.5,17.9429
1926,Singapore,SGP,SGD,Asia,1920s,0.0208,0.0787,0.369,0.0198,0.3513,0.0144,0.0281,2.97,2.59,Very Low (<$0.30),19.2,0.0168,0,none,0,1.88,0.0118,0.009,1.0,17.7,17.7401
1927,Singapore,SGP,SGD,Asia,1920s,0.0214,0.081,0.3862,0.0212,0.3826,0.0156,0.0289,2.88,7.07,Very Low (<$0.30),19.2,0.0173,0,none,0,1.3,0.0082,0.0132,1.0,17.4,18.046
1928,Singapore,SGP,SGD,Asia,1920s,0.0216,0.0818,0.3966,0.0204,0.3746,0.0155,0.0292,0.93,-3.77,Very Low (<$0.30),19.2,0.0175,0,none,0,1.17,0.0074,0.0142,1.0,17.1,18.3626
1929,Singapore,SGP,SGD,Asia,1920s,0.0214,0.081,0.393,0.0196,0.3599,0.0149,0.0289,-0.93,-3.92,Very Low (<$0.30),19.2,0.0173,0,none,0,1.27,0.008,0.0134,1.0,17.1,18.3626
1930,Singapore,SGP,SGD,Asia,1930s,0.0226,0.0856,0.4249,0.0212,0.3986,0.0159,0.0305,5.61,8.16,Very Low (<$0.30),19.2,0.0183,0,none,0,1.19,0.0075,0.0151,1.0,16.7,18.8024
1931,Singapore,SGP,SGD,Asia,1930s,0.0228,0.0863,0.471,0.0221,0.4565,0.0162,0.0308,0.88,4.25,Very Low (<$0.30),19.2,0.0184,0,none,0,0.65,0.0041,0.0187,1.0,15.2,20.6579
1932,Singapore,SGP,SGD,Asia,1930s,0.0224,0.0848,0.5134,0.0212,0.4859,0.016,0.0302,-1.75,-4.07,Very Low (<$0.30),19.2,0.0181,0,none,0,0.87,0.0055,0.0169,1.0,13.7,22.9197
1933,Singapore,SGP,SGD,Asia,1930s,0.0236,0.0893,0.57,0.0221,0.5338,0.0163,0.0319,5.36,4.25,Very Low (<$0.30),19.2,0.0191,0,none,0,0.67,0.0042,0.0194,1.0,13.0,24.1538
1934,Singapore,SGP,SGD,Asia,1930s,0.0236,0.0893,0.553,0.0227,0.5319,0.0166,0.0319,0.0,2.71,Very Low (<$0.30),19.2,0.0191,0,none,0,1.0,0.0063,0.0173,1.0,13.4,23.4328
1935,Singapore,SGP,SGD,Asia,1930s,0.0228,0.0863,0.5226,0.022,0.5042,0.0159,0.0308,-3.39,-3.08,Very Low (<$0.30),19.2,0.0184,0,none,0,0.97,0.0061,0.0167,1.0,13.7,22.9197
1936,Singapore,SGP,SGD,Asia,1930s,0.0231,0.0874,0.5218,0.0217,0.4902,0.0163,0.0312,1.32,-1.36,Very Low (<$0.30),19.2,0.0187,0,none,0,1.09,0.0069,0.0162,1.0,13.9,22.5899
1937,Singapore,SGP,SGD,Asia,1930s,0.0238,0.0901,0.519,0.0227,0.495,0.0164,0.0321,3.03,4.61,Very Low (<$0.30),19.2,0.0192,0,none,0,1.18,0.0074,0.0164,1.0,14.4,21.8056
1938,Singapore,SGP,SGD,Asia,1930s,0.0235,0.089,0.5233,0.0226,0.5033,0.0166,0.0317,-1.26,-0.44,Very Low (<$0.30),19.2,0.019,0,none,0,1.13,0.0071,0.0164,1.0,14.1,22.2695
1939,Singapore,SGP,SGD,Asia,1930s,0.0249,0.0943,0.5625,0.024,0.5422,0.0173,0.0336,5.96,6.19,Very Low (<$0.30),19.2,0.0201,0,none,0,1.02,0.0064,0.0185,1.0,13.9,22.5899
1940,Singapore,SGP,SGD,Asia,1940s,0.0244,0.0924,0.5473,0.0231,0.5181,0.0169,0.0329,-2.01,-3.75,Very Low (<$0.30),19.2,0.0197,0,none,0,1.02,0.0064,0.018,1.0,14.0,22.4286
1941,Singapore,SGP,SGD,Asia,1940s,0.0263,0.0996,0.5618,0.0252,0.5383,0.0181,0.0355,7.79,9.09,Very Low (<$0.30),19.2,0.0213,0,none,0,1.14,0.0072,0.0191,1.0,14.7,21.3605
1942,Singapore,SGP,SGD,Asia,1940s,0.0283,0.1071,0.5452,0.0268,0.5163,0.0192,0.0382,7.6,6.35,Very Low (<$0.30),19.2,0.0229,0,none,0,1.19,0.0075,0.0208,1.0,16.3,19.2638
1943,Singapore,SGP,SGD,Asia,1940s,0.0288,0.109,0.5227,0.0269,0.4882,0.0207,0.0389,1.77,0.37,Very Low (<$0.30),19.2,0.0233,0,none,0,1.2,0.0075,0.0213,1.0,17.3,18.1503
1944,Singapore,SGP,SGD,Asia,1940s,0.0307,0.1162,0.5477,0.0286,0.5102,0.0219,0.0414,6.6,6.32,Very Low (<$0.30),19.2,0.0248,0,none,0,1.21,0.0076,0.0231,1.0,17.6,17.8409
1945,Singapore,SGP,SGD,Asia,1940s,0.0327,0.1238,0.5704,0.0311,0.5425,0.0229,0.0441,6.51,8.74,Very Low (<$0.30),19.2,0.0264,0,none,0,1.22,0.0077,0.025,1.0,18.0,17.4444
1946,Singapore,SGP,SGD,Asia,1940s,0.0328,0.1242,0.5282,0.0319,0.5137,0.0222,0.0443,0.31,2.57,Very Low (<$0.30),19.2,0.0265,0,none,0,1.41,0.0089,0.0239,1.0,19.5,16.1026
1947,Singapore,SGP,SGD,Asia,1940s,0.0348,0.1317,0.49,0.0324,0.4562,0.0243,0.047,6.1,1.57,Very Low (<$0.30),19.2,0.0281,0,none,0,1.93,0.0121,0.0227,1.0,22.3,14.0807
1948,Singapore,SGP,SGD,Asia,1940s,0.0363,0.1374,0.473,0.0346,0.4508,0.0263,0.049,4.31,6.79,Very Low (<$0.30),19.2,0.0293,0,none,0,2.6,0.0164,0.0199,1.0,24.1,13.029
1949,Singapore,SGP,SGD,Asia,1940s,0.0376,0.1423,0.4961,0.0352,0.4644,0.0265,0.0508,3.58,1.73,Very Low (<$0.30),19.2,0.0304,0,none,0,2.54,0.016,0.0216,1.0,23.8,13.1933
1950,Singapore,SGP,SGD,Asia,1950s,0.0391,0.148,0.5094,0.0372,0.4847,0.0275,0.0528,3.99,5.68,Very Low (<$0.30),28.8,0.0278,0,none,0,2.51,0.0158,0.0233,1.0,24.1,13.029
1951,Singapore,SGP,SGD,Asia,1950s,0.0408,0.1544,0.4927,0.0396,0.4782,0.0279,0.0551,4.35,6.45,Very Low (<$0.30),28.8,0.029,0,none,0,2.53,0.0159,0.0249,1.0,26.0,12.0769
1952,Singapore,SGP,SGD,Asia,1950s,0.0417,0.1579,0.4941,0.0402,0.4763,0.0291,0.0563,2.21,1.52,Very Low (<$0.30),28.8,0.0297,0,none,0,2.53,0.0159,0.0258,1.0,26.5,11.8491
1953,Singapore,SGP,SGD,Asia,1950s,0.0442,0.1673,0.5198,0.0421,0.4951,0.0313,0.0597,6.0,4.73,Very Low (<$0.30),28.8,0.0315,0,none,0,2.68,0.0169,0.0273,1.0,26.7,11.7603
1954,Singapore,SGP,SGD,Asia,1950s,0.0458,0.1734,0.5346,0.043,0.5019,0.0324,0.0618,3.62,2.14,Very Low (<$0.30),28.8,0.0326,0,none,0,2.78,0.0175,0.0283,1.0,26.9,11.6729
1955,Singapore,SGP,SGD,Asia,1950s,0.0472,0.1787,0.553,0.0446,0.5226,0.033,0.0637,3.06,3.72,Very Low (<$0.30),28.8,0.0336,0,none,0,2.77,0.0174,0.0298,1.0,26.8,11.7164
1956,Singapore,SGP,SGD,Asia,1950s,0.0477,0.1806,0.5507,0.0443,0.5114,0.0332,0.0644,1.06,-0.67,Very Low (<$0.30),28.8,0.034,0,none,0,2.79,0.0175,0.0302,1.0,27.2,11.5441
1957,Singapore,SGP,SGD,Asia,1950s,0.0504,0.1908,0.5632,0.0486,0.5431,0.0359,0.068,5.66,9.71,Very Low (<$0.30),28.8,0.0359,0,none,0,3.09,0.0194,0.031,1.0,28.1,11.1744
1958,Singapore,SGP,SGD,Asia,1950s,0.0516,0.1953,0.5606,0.0484,0.5259,0.0355,0.0697,2.38,-0.41,Very Low (<$0.30),28.8,0.0367,0,none,0,3.01,0.0189,0.0327,1.0,28.9,10.8651
1959,Singapore,SGP,SGD,Asia,1950s,0.0549,0.2078,0.5924,0.0538,0.5805,0.0389,0.0741,6.4,11.16,Very Low (<$0.30),28.8,0.0391,0,none,0,2.9,0.0182,0.0367,1.0,29.1,10.7904
1960,Singapore,SGP,SGD,Asia,1960s,0.0556,0.2105,0.5898,0.0542,0.575,0.0372,0.0751,1.28,0.74,Very Low (<$0.30),28.8,0.0396,0,none,0,2.88,0.0181,0.0375,1.0,29.6,10.6081
1961,Singapore,SGP,SGD,Asia,1960s,0.0585,0.2214,0.6143,0.0555,0.5828,0.0402,0.079,5.22,2.4,Very Low (<$0.30),28.8,0.0417,0,none,0,2.89,0.0182,0.0403,1.0,29.9,10.5017
1962,Singapore,SGP,SGD,Asia,1960s,0.0573,0.2169,0.5958,0.0554,0.576,0.0403,0.0774,-2.05,-0.18,Very Low (<$0.30),28.8,0.0408,0,none,0,2.9,0.0182,0.0391,1.0,30.2,10.3974
1963,Singapore,SGP,SGD,Asia,1960s,0.0608,0.2302,0.6239,0.0568,0.5828,0.0427,0.0821,6.11,2.53,Very Low (<$0.30),28.8,0.0433,0,none,0,2.89,0.0182,0.0426,1.0,30.6,10.2614
1964,Singapore,SGP,SGD,Asia,1960s,0.0626,0.237,0.6341,0.0592,0.5996,0.0436,0.0845,2.96,4.23,Very Low (<$0.30),28.8,0.0446,0,none,0,2.88,0.0181,0.0445,1.0,31.0,10.129
1965,Singapore,SGP,SGD,Asia,1960s,0.0667,0.2525,0.6649,0.0628,0.626,0.0482,0.09,6.55,6.08,Very Low (<$0.30),28.8,0.0475,0,none,0,2.86,0.018,0.0487,1.0,31.5,9.9683
1966,Singapore,SGP,SGD,Asia,1960s,0.0666,0.2521,0.6454,0.0654,0.6338,0.0462,0.0899,-0.15,4.14,Very Low (<$0.30),28.8,0.0474,0,none,0,2.88,0.0181,0.0485,1.0,32.4,9.6914
1967,Singapore,SGP,SGD,Asia,1960s,0.0686,0.2597,0.6449,0.0637,0.5989,0.0481,0.0926,3.0,-2.6,Very Low (<$0.30),28.8,0.0488,0,none,0,2.92,0.0184,0.0502,1.0,33.4,9.4012
1968,Singapore,SGP,SGD,Asia,1960s,0.0704,0.2665,0.6352,0.0659,0.5946,0.0487,0.095,2.62,3.45,Very Low (<$0.30),28.8,0.0501,0,none,0,2.94,0.0185,0.0519,1.0,34.8,9.023
1969,Singapore,SGP,SGD,Asia,1960s,0.0725,0.2744,0.6203,0.0688,0.5886,0.0502,0.0979,2.98,4.4,Very Low (<$0.30),28.8,0.0516,0,none,0,3.09,0.0194,0.0531,1.0,36.7,8.5559
1970,Singapore,SGP,SGD,Asia,1970s,0.0761,0.2881,0.6159,0.0737,0.5964,0.0528,0.1027,4.97,7.12,Very Low (<$0.30),38.4,0.0469,0,none,0,3.18,0.02,0.0561,1.0,38.8,8.0928
1971,Singapore,SGP,SGD,Asia,1970s,0.0882,0.3339,0.6838,0.085,0.659,0.0626,0.1191,15.9,15.33,Very Low (<$0.30),38.4,0.0543,0,none,0,3.6,0.0226,0.0656,1.0,40.5,7.7531
1972,Singapore,SGP,SGD,Asia,1970s,0.0987,0.3736,0.7414,0.0938,0.7046,0.0673,0.1332,11.9,10.35,Very Low (<$0.30),38.4,0.0608,0,none,0,3.6,0.0226,0.0761,1.0,41.8,7.512
1973,Singapore,SGP,SGD,Asia,1970s,0.114,0.4315,0.8062,0.1077,0.7617,0.0813,0.1539,15.5,14.82,Very Low (<$0.30),38.4,0.0702,0,none,0,4.75,0.0299,0.0841,1.2,44.4,7.0721
1974,Singapore,SGP,SGD,Asia,1970s,0.1314,0.4974,0.8369,0.1234,0.786,0.0953,0.1774,15.26,14.58,Very Low (<$0.30),38.4,0.0809,0,none,0,9.35,0.0588,0.0726,1.55,49.3,6.3692
1975,Singapore,SGP,SGD,Asia,1970s,0.1522,0.5761,0.8883,0.1433,0.8364,0.1083,0.2055,15.83,16.13,Very Low (<$0.30),38.4,0.0938,0,none,0,10.72,0.0674,0.0848,1.0,53.8,5.8364
1976,Singapore,SGP,SGD,Asia,1970s,0.1735,0.6568,0.9575,0.1669,0.921,0.1182,0.2342,13.99,16.47,Very Low (<$0.30),38.4,0.1069,0,none,0,11.51,0.0724,0.1011,1.0,56.9,5.5185
1977,Singapore,SGP,SGD,Asia,1970s,0.2129,0.8059,1.1031,0.2012,1.0425,0.1505,0.2874,22.71,20.55,Very Low (<$0.30),38.4,0.1311,0,none,0,13.92,0.0876,0.1253,1.0,60.6,5.1815
1978,Singapore,SGP,SGD,Asia,1970s,0.2519,0.9535,1.2131,0.2399,1.1553,0.1757,0.3401,18.32,19.23,Very Low (<$0.30),38.4,0.1552,0,none,0,14.02,0.0882,0.1637,1.0,65.2,4.816
1979,Singapore,SGP,SGD,Asia,1970s,0.3036,1.1493,1.3131,0.2834,1.2257,0.223,0.4099,20.52,18.13,Low ($0.30–$0.70),38.4,0.187,0,none,0,31.61,0.1988,0.1048,1.3,72.6,4.3251
1980,Singapore,SGP,SGD,Asia,1980s,0.3576,1.3537,1.3627,0.3456,1.317,0.2512,0.4828,17.79,21.95,Low ($0.30–$0.70),48.0,0.186,0,none,0,36.83,0.2317,0.1259,1.25,82.4,3.8107
1981,Singapore,SGP,SGD,Asia,1980s,0.3653,1.3828,1.2619,0.3433,1.1859,0.2524,0.4932,2.15,-0.67,Low ($0.30–$0.70),48.1,0.1896,0,none,0,35.75,0.2249,0.1404,1.0,90.9,3.4543
1982,Singapore,SGP,SGD,Asia,1980s,0.3672,1.39,1.1948,0.3473,1.1301,0.2586,0.4957,0.52,1.17,Low ($0.30–$0.70),48.1,0.1906,0,none,0,31.82,0.2001,0.1671,1.0,96.5,3.2539
1983,Singapore,SGP,SGD,Asia,1980s,0.3872,1.4657,1.2207,0.3642,1.1482,0.2633,0.5227,5.45,4.87,Low ($0.30–$0.70),48.2,0.2006,0,none,0,29.55,0.1859,0.2013,1.0,99.6,3.1526
1984,Singapore,SGP,SGD,Asia,1980s,0.4035,1.5274,1.2194,0.3879,1.1723,0.2729,0.5447,4.21,6.51,Low ($0.30–$0.70),48.3,0.2086,0,none,0,28.78,0.181,0.2225,1.0,103.9,3.0221
1985,Singapore,SGP,SGD,Asia,1980s,0.4176,1.5808,1.2186,0.3943,1.1507,0.2937,0.5638,3.49,1.65,Low ($0.30–$0.70),48.4,0.2155,0,none,0,27.56,0.1733,0.2443,1.0,107.6,2.9182
1986,Singapore,SGP,SGD,Asia,1980s,0.4277,1.619,1.2253,0.4026,1.1534,0.3043,0.5774,2.42,2.1,Low ($0.30–$0.70),48.4,0.2207,0,none,0,14.43,0.0908,0.3369,0.75,109.6,2.865
1987,Singapore,SGP,SGD,Asia,1980s,0.4425,1.675,1.2231,0.4063,1.123,0.3088,0.5974,3.46,0.92,Low ($0.30–$0.70),48.5,0.2279,0,none,0,18.44,0.116,0.3265,1.0,113.6,2.7641
1988,Singapore,SGP,SGD,Asia,1980s,0.4575,1.7318,1.2143,0.4298,1.1408,0.3234,0.6176,3.39,5.78,Low ($0.30–$0.70),48.6,0.2352,0,none,0,14.92,0.0938,0.3637,1.0,118.3,2.6543
1989,Singapore,SGP,SGD,Asia,1980s,0.4642,1.7572,1.1755,0.4456,1.1284,0.3251,0.6267,1.46,3.68,Low ($0.30–$0.70),48.6,0.2386,0,none,0,18.33,0.1153,0.3489,1.0,124.0,2.5323
1990,Singapore,SGP,SGD,Asia,1990s,0.4881,1.8477,1.1726,0.4742,1.1392,0.343,0.6589,5.15,6.42,Low ($0.30–$0.70),48.7,0.2504,0,none,0,23.73,0.1493,0.3388,1.0,130.7,2.4024
1991,Singapore,SGP,SGD,Asia,1990s,0.5243,1.9847,1.2087,0.4929,1.1363,0.3645,0.7078,7.42,3.94,Low ($0.30–$0.70),48.8,0.2684,0,none,0,20.2,0.1271,0.3972,1.0,136.2,2.3054
1992,Singapore,SGP,SGD,Asia,1990s,0.5742,2.1736,1.2851,0.5377,1.2034,0.3998,0.7752,9.52,9.09,Low ($0.30–$0.70),48.9,0.2934,0,none,0,19.32,0.1215,0.4527,1.0,140.3,2.2381
1993,Singapore,SGP,SGD,Asia,1990s,0.6311,2.389,1.3714,0.5989,1.3014,0.452,0.852,9.91,11.38,Low ($0.30–$0.70),48.9,0.3225,0,none,0,16.97,0.1067,0.5244,1.0,144.5,2.173
1994,Singapore,SGP,SGD,Asia,1990s,0.707,2.6763,1.498,0.667,1.4132,0.4994,0.9545,12.03,11.37,Medium ($0.70–$1.10),49.0,0.3606,0,none,0,15.82,0.0995,0.6075,1.0,148.2,2.1188
1995,Singapore,SGP,SGD,Asia,1990s,0.7838,2.967,1.6149,0.7293,1.5026,0.5503,1.0581,10.86,9.34,Medium ($0.70–$1.10),49.1,0.399,0,none,0,17.02,0.1071,0.6767,1.0,152.4,2.0604
1996,Singapore,SGP,SGD,Asia,1990s,0.7855,2.9734,1.572,0.7447,1.4903,0.5515,1.0604,0.22,2.11,Medium ($0.70–$1.10),49.2,0.399,0,none,0,22.12,0.1391,0.6464,1.0,156.9,2.0013
1997,Singapore,SGP,SGD,Asia,1990s,0.813,3.0775,1.5905,0.7674,1.5013,0.5946,1.0976,3.5,3.05,Medium ($0.70–$1.10),49.2,0.413,0,none,0,19.09,0.1201,0.6929,1.0,160.5,1.9564
1998,Singapore,SGP,SGD,Asia,1990s,0.8018,3.0351,1.5446,0.7668,1.4771,0.5597,1.0824,-1.38,-0.08,Medium ($0.70–$1.10),49.3,0.4065,0,none,0,13.07,0.0822,0.7196,0.82,163.0,1.9264
1999,Singapore,SGP,SGD,Asia,1990s,0.8457,3.2013,1.5939,0.7916,1.492,0.5963,1.1417,5.48,3.23,Medium ($0.70–$1.10),49.4,0.4279,0,none,0,17.97,0.113,0.7327,1.0,166.6,1.8848
2000,Singapore,SGP,SGD,Asia,2000s,0.8504,3.2191,1.5507,0.794,1.4478,0.605,1.148,0.56,0.3,Medium ($0.70–$1.10),49.4,0.4303,0,none,0,30.38,0.1911,0.6593,1.0,172.2,1.8235
2001,Singapore,SGP,SGD,Asia,2000s,0.888,3.3614,1.5744,0.832,1.4751,0.6194,1.1988,4.42,4.79,Medium ($0.70–$1.10),49.5,0.4484,0,none,0,25.93,0.1631,0.7249,1.0,177.1,1.773
2002,Singapore,SGP,SGD,Asia,2000s,0.9222,3.4909,1.6096,0.886,1.5464,0.6593,1.245,3.85,6.49,Medium ($0.70–$1.10),49.6,0.4648,0,none,0,26.15,0.1645,0.7577,1.0,179.9,1.7454
2003,Singapore,SGP,SGD,Asia,2000s,0.9781,3.7025,1.6691,0.9384,1.6014,0.6981,1.3204,6.06,5.91,Medium ($0.70–$1.10),49.7,0.492,0,none,0,31.07,0.1954,0.7827,1.0,184.0,1.7065
2004,Singapore,SGP,SGD,Asia,2000s,1.0342,3.9149,1.7191,1.0106,1.6799,0.7226,1.3962,5.74,7.69,Medium ($0.70–$1.10),49.7,0.5202,0,none,0,41.49,0.261,0.7732,1.0,188.9,1.6623
2005,Singapore,SGP,SGD,Asia,2000s,1.0203,3.8623,1.6404,0.9641,1.5501,0.6907,1.3774,-1.34,-4.6,Medium ($0.70–$1.10),49.8,0.5122,0,none,0,56.59,0.3559,0.6644,1.0,195.3,1.6078
2006,Singapore,SGP,SGD,Asia,2000s,1.1491,4.3498,1.7898,1.108,1.7258,0.8144,1.5513,12.62,14.93,High ($1.10–$1.60),49.9,0.5757,0,none,0,66.02,0.4153,0.7338,1.0,201.6,1.5575
2007,Singapore,SGP,SGD,Asia,2000s,1.2184,4.6121,1.8455,1.1472,1.7377,0.8534,1.6448,6.03,3.54,High ($1.10–$1.60),49.9,0.6104,0,none,0,72.34,0.455,0.7634,1.0,207.3,1.5147
2008,Singapore,SGP,SGD,Asia,2000s,1.4088,5.3329,2.0546,1.3394,1.9534,1.0209,1.9019,15.63,16.75,High ($1.10–$1.60),50.0,0.7044,0,none,0,99.67,0.6269,0.7819,1.28,215.3,1.4584
2009,Singapore,SGP,SGD,Asia,2000s,1.3807,5.2265,2.0212,1.3042,1.9092,0.9834,1.8639,-1.99,-2.63,High ($1.10–$1.60),50.1,0.689,0,none,0,61.74,0.3883,0.9924,0.78,214.5,1.4639
2010,Singapore,SGP,SGD,Asia,2010s,1.4269,5.4014,2.0543,1.3779,1.9838,1.0005,1.9263,3.35,5.65,High ($1.10–$1.60),50.2,0.7106,0,none,0,79.61,0.5007,0.9262,1.0,218.1,1.4397
2011,Singapore,SGP,SGD,Asia,2010s,1.3731,5.1977,1.9171,1.3432,1.8753,0.9861,1.8537,-3.77,-2.52,High ($1.10–$1.60),50.2,0.6838,0,none,0,111.26,0.6998,0.6733,1.0,224.9,1.3962
2012,Singapore,SGP,SGD,Asia,2010s,1.4442,5.4669,1.9751,1.3561,1.8546,1.0239,1.9497,5.18,0.96,High ($1.10–$1.60),50.3,0.7178,0,none,0,112.01,0.7045,0.7397,1.0,229.6,1.3676
2013,Singapore,SGP,SGD,Asia,2010s,1.5265,5.7784,2.0572,1.4496,1.9535,1.0752,2.0608,5.7,6.89,High ($1.10–$1.60),50.4,0.7571,0,none,0,108.66,0.6835,0.843,1.0,233.0,1.3476
2014,Singapore,SGP,SGD,Asia,2010s,1.5656,5.9264,2.0769,1.5018,1.9922,1.0905,2.1136,2.56,3.6,High ($1.10–$1.60),50.4,0.7765,0,none,0,98.97,0.6225,0.9431,1.0,236.7,1.3266
2015,Singapore,SGP,SGD,Asia,2010s,1.5693,5.9404,2.0792,1.5257,2.0214,1.0959,2.1186,0.24,1.59,High ($1.10–$1.60),50.5,0.7768,0,none,0,52.39,0.3295,1.2398,1.0,237.0,1.3249
2016,Singapore,SGP,SGD,Asia,2010s,1.6479,6.238,2.156,1.5499,2.0278,1.1692,2.2247,5.01,1.59,Very High (>$1.60),50.6,0.8141,0,none,0,43.74,0.2751,1.3728,1.0,240.0,1.3083
2017,Singapore,SGP,SGD,Asia,2010s,1.6943,6.4136,2.1706,1.6276,2.0851,1.1804,2.2873,2.82,5.01,Very High (>$1.60),50.7,0.8353,0,none,0,54.25,0.3412,1.3531,1.0,245.1,1.2811
2018,Singapore,SGP,SGD,Asia,2010s,1.7503,6.6256,2.1887,1.6728,2.0918,1.2189,2.3629,3.31,2.78,Very High (>$1.60),50.7,0.8629,0,none,0,71.34,0.4487,1.3016,1.0,251.1,1.2505
2019,Singapore,SGP,SGD,Asia,2010s,1.8397,6.964,2.2592,1.7731,2.1774,1.2383,2.4836,5.11,6.0,Very High (>$1.60),50.8,0.9051,0,none,0,64.37,0.4049,1.4348,1.0,255.7,1.228
2020,Singapore,SGP,SGD,Asia,2020s,1.9832,7.5072,2.4062,1.8682,2.2667,1.3935,2.6773,7.8,5.36,Very High (>$1.60),50.9,0.9738,0,none,0,41.84,0.2632,1.72,0.72,258.8,1.2133
2021,Singapore,SGP,SGD,Asia,2020s,2.1373,8.0906,2.4764,1.9895,2.3052,1.5099,2.8854,7.77,6.49,Very High (>$1.60),51.0,1.0473,0,none,0,70.86,0.4457,1.6916,1.0,271.0,1.1587
2022,Singapore,SGP,SGD,Asia,2020s,2.3419,8.8651,2.5123,2.208,2.3687,1.6316,3.1616,9.57,10.98,Very High (>$1.60),51.0,1.1475,0,none,0,101.32,0.6373,1.7046,1.3,292.7,1.0728
2023,Singapore,SGP,SGD,Asia,2020s,2.0324,7.6935,2.0944,1.9216,1.9803,1.4598,2.7437,-13.22,-12.97,Very High (>$1.60),51.1,0.9938,0,none,0,82.49,0.5188,1.5136,1.0,304.7,1.0305
2024,Singapore,SGP,SGD,Asia,2020s,1.9361,7.3289,1.9361,1.7693,1.7693,1.3841,2.6137,-4.74,-7.93,Very High (>$1.60),51.2,0.9448,0,none,0,80.0,0.5032,1.4329,1.0,314.0,1.0
1924,South Korea,KOR,KRW,Asia,1920s,0.0183,0.0693,0.336,0.0169,0.3103,0.0128,24.156,,,Very Low (<$0.30),20.8,0.0145,0,none,0,1.43,0.009,0.0093,1.0,17.1,18.3626
1925,South Korea,KOR,KRW,Asia,1920s,0.0178,0.0674,0.3194,0.0162,0.2907,0.013,23.496,-2.73,-4.14,Very Low (<$0.30),20.8,0.0141,0,none,0,1.68,0.0106,0.0072,1.0,17.5,17.9429
1926,South Korea,KOR,KRW,Asia,1920s,0.0188,0.0712,0.3335,0.0169,0.2998,0.0136,24.816,5.62,4.32,Very Low (<$0.30),20.8,0.0149,0,none,0,1.88,0.0118,0.007,1.0,17.7,17.7401
1927,South Korea,KOR,KRW,Asia,1920s,0.0188,0.0712,0.3393,0.0176,0.3176,0.0133,24.816,0.0,4.14,Very Low (<$0.30),20.8,0.0149,0,none,0,1.3,0.0082,0.0106,1.0,17.4,18.046
1928,South Korea,KOR,KRW,Asia,1920s,0.0195,0.0738,0.3581,0.0179,0.3287,0.0139,25.74,3.72,1.7,Very Low (<$0.30),20.8,0.0154,0,none,0,1.17,0.0074,0.0121,1.0,17.1,18.3626
1929,South Korea,KOR,KRW,Asia,1920s,0.0201,0.0761,0.3691,0.0185,0.3397,0.0142,26.532,3.08,3.35,Very Low (<$0.30),20.8,0.0159,0,none,0,1.27,0.008,0.0121,1.0,17.1,18.3626
1930,South Korea,KOR,KRW,Asia,1930s,0.0202,0.0765,0.3798,0.018,0.3384,0.0146,26.664,0.5,-2.7,Very Low (<$0.30),20.8,0.016,0,none,0,1.19,0.0075,0.0127,1.0,16.7,18.8024
1931,South Korea,KOR,KRW,Asia,1930s,0.0203,0.0768,0.4194,0.0182,0.376,0.0147,26.796,0.5,1.11,Very Low (<$0.30),20.8,0.0161,0,none,0,0.65,0.0041,0.0162,1.0,15.2,20.6579
1932,South Korea,KOR,KRW,Asia,1930s,0.0208,0.0787,0.4767,0.0184,0.4217,0.0145,27.456,2.46,1.1,Very Low (<$0.30),20.8,0.0165,0,none,0,0.87,0.0055,0.0153,1.0,13.7,22.9197
1933,South Korea,KOR,KRW,Asia,1930s,0.022,0.0833,0.5314,0.0199,0.4807,0.0157,29.04,5.77,8.15,Very Low (<$0.30),20.8,0.0174,0,none,0,0.67,0.0042,0.0178,1.0,13.0,24.1538
1934,South Korea,KOR,KRW,Asia,1930s,0.0223,0.0844,0.5226,0.0196,0.4593,0.0157,29.436,1.36,-1.51,Very Low (<$0.30),20.8,0.0177,0,none,0,1.0,0.0063,0.016,1.0,13.4,23.4328
1935,South Korea,KOR,KRW,Asia,1930s,0.0216,0.0818,0.4951,0.0189,0.4332,0.0156,28.512,-3.14,-3.57,Very Low (<$0.30),20.8,0.0171,0,none,0,0.97,0.0061,0.0155,1.0,13.7,22.9197
1936,South Korea,KOR,KRW,Asia,1930s,0.0228,0.0863,0.5151,0.0207,0.4676,0.0162,30.096,5.56,9.52,Very Low (<$0.30),20.8,0.0181,0,none,0,1.09,0.0069,0.0159,1.0,13.9,22.5899
1937,South Korea,KOR,KRW,Asia,1930s,0.0233,0.0882,0.5081,0.0204,0.4448,0.0172,30.756,2.19,-1.45,Very Low (<$0.30),20.8,0.0185,0,none,0,1.18,0.0074,0.0159,1.0,14.4,21.8056
1938,South Korea,KOR,KRW,Asia,1930s,0.0236,0.0893,0.5256,0.0216,0.481,0.0168,31.152,1.29,5.88,Very Low (<$0.30),20.8,0.0187,0,none,0,1.13,0.0071,0.0165,1.0,14.1,22.2695
1939,South Korea,KOR,KRW,Asia,1930s,0.0249,0.0943,0.5625,0.0219,0.4947,0.0182,32.868,5.51,1.39,Very Low (<$0.30),20.8,0.0197,0,none,0,1.02,0.0064,0.0185,1.0,13.9,22.5899
1940,South Korea,KOR,KRW,Asia,1940s,0.025,0.0946,0.5607,0.0224,0.5024,0.0179,33.0,0.4,2.28,Very Low (<$0.30),20.8,0.0198,0,none,0,1.02,0.0064,0.0186,1.0,14.0,22.4286
1941,South Korea,KOR,KRW,Asia,1940s,0.0241,0.0912,0.5148,0.022,0.4699,0.0177,31.812,-3.6,-1.79,Very Low (<$0.30),20.8,0.0191,0,none,0,1.14,0.0072,0.0169,1.0,14.7,21.3605
1942,South Korea,KOR,KRW,Asia,1940s,0.0225,0.0852,0.4334,0.02,0.3853,0.0157,29.7,-6.64,-9.09,Very Low (<$0.30),20.8,0.0178,0,none,0,1.19,0.0075,0.015,1.0,16.3,19.2638
1943,South Korea,KOR,KRW,Asia,1940s,0.0213,0.0806,0.3866,0.0191,0.3467,0.0155,28.116,-5.33,-4.5,Very Low (<$0.30),20.8,0.0169,0,none,0,1.2,0.0075,0.0138,1.0,17.3,18.1503
1944,South Korea,KOR,KRW,Asia,1940s,0.0201,0.0761,0.3586,0.0176,0.314,0.0146,26.532,-5.63,-7.85,Very Low (<$0.30),20.8,0.0159,0,none,0,1.21,0.0076,0.0125,1.0,17.6,17.8409
1945,South Korea,KOR,KRW,Asia,1940s,0.0194,0.0734,0.3384,0.0177,0.3088,0.0138,25.608,-3.48,0.57,Very Low (<$0.30),20.8,0.0154,0,none,0,1.22,0.0077,0.0117,1.0,18.0,17.4444
1946,South Korea,KOR,KRW,Asia,1940s,0.0183,0.0693,0.2947,0.0164,0.2641,0.0133,24.156,-5.67,-7.34,Very Low (<$0.30),20.8,0.0145,0,none,0,1.41,0.0089,0.0094,1.0,19.5,16.1026
1947,South Korea,KOR,KRW,Asia,1940s,0.0169,0.064,0.238,0.0154,0.2168,0.0121,22.308,-7.65,-6.1,Very Low (<$0.30),20.8,0.0134,0,none,0,1.93,0.0121,0.0048,1.0,22.3,14.0807
1948,South Korea,KOR,KRW,Asia,1940s,0.0159,0.0602,0.2072,0.0143,0.1863,0.0114,20.988,-5.92,-7.14,Very Low (<$0.30),20.8,0.0126,0,none,0,2.6,0.0164,-0.0005,1.0,24.1,13.029
1949,South Korea,KOR,KRW,Asia,1940s,0.0158,0.0598,0.2085,0.0141,0.186,0.0117,20.856,-0.63,-1.4,Very Low (<$0.30),20.8,0.0125,0,none,0,2.54,0.016,-0.0002,1.0,23.8,13.1933
1950,South Korea,KOR,KRW,Asia,1950s,0.0155,0.0587,0.202,0.0144,0.1876,0.0111,20.46,-1.9,2.13,Very Low (<$0.30),31.2,0.0107,0,none,0,2.51,0.0158,-0.0003,1.0,24.1,13.029
1951,South Korea,KOR,KRW,Asia,1950s,0.0162,0.0613,0.1956,0.0144,0.1739,0.0119,21.384,4.52,0.0,Very Low (<$0.30),31.2,0.0111,0,none,0,2.53,0.0159,0.0003,1.0,26.0,12.0769
1952,South Korea,KOR,KRW,Asia,1950s,0.0174,0.0659,0.2062,0.016,0.1896,0.0129,22.968,7.41,11.11,Very Low (<$0.30),31.2,0.012,0,none,0,2.53,0.0159,0.0015,1.0,26.5,11.8491
1953,South Korea,KOR,KRW,Asia,1950s,0.0183,0.0693,0.2152,0.0165,0.194,0.0132,24.156,5.17,3.12,Very Low (<$0.30),31.2,0.0126,0,none,0,2.68,0.0169,0.0014,1.0,26.7,11.7603
1954,South Korea,KOR,KRW,Asia,1950s,0.0196,0.0742,0.2288,0.0175,0.2043,0.0143,25.872,7.1,6.06,Very Low (<$0.30),31.2,0.0135,0,none,0,2.78,0.0175,0.0021,1.0,26.9,11.6729
1955,South Korea,KOR,KRW,Asia,1950s,0.022,0.0833,0.2578,0.0202,0.2367,0.0159,29.04,12.24,15.43,Very Low (<$0.30),31.2,0.0151,0,none,0,2.77,0.0174,0.0046,1.0,26.8,11.7164
1956,South Korea,KOR,KRW,Asia,1950s,0.0226,0.0856,0.2609,0.0199,0.2297,0.0164,29.832,2.73,-1.49,Very Low (<$0.30),31.2,0.0155,0,none,0,2.79,0.0175,0.0051,1.0,27.2,11.5441
1957,South Korea,KOR,KRW,Asia,1950s,0.0245,0.0927,0.2738,0.0226,0.2525,0.018,32.34,8.41,13.57,Very Low (<$0.30),31.2,0.0169,0,none,0,3.09,0.0194,0.0051,1.0,28.1,11.1744
1958,South Korea,KOR,KRW,Asia,1950s,0.0261,0.0988,0.2836,0.0234,0.2542,0.0188,34.452,6.53,3.54,Very Low (<$0.30),31.2,0.018,0,none,0,3.01,0.0189,0.0072,1.0,28.9,10.8651
1959,South Korea,KOR,KRW,Asia,1950s,0.0277,0.1049,0.2989,0.0254,0.2741,0.02,36.564,6.13,8.55,Very Low (<$0.30),31.2,0.0191,0,none,0,2.9,0.0182,0.0095,1.0,29.1,10.7904
1960,South Korea,KOR,KRW,Asia,1960s,0.0295,0.1117,0.3129,0.0266,0.2822,0.0213,38.94,6.5,4.72,Very Low (<$0.30),31.2,0.0203,0,none,0,2.88,0.0181,0.0114,1.0,29.6,10.6081
1961,South Korea,KOR,KRW,Asia,1960s,0.0327,0.1238,0.3434,0.03,0.3151,0.0242,43.164,10.85,12.78,Very Low (<$0.30),31.2,0.0225,0,none,0,2.89,0.0182,0.0145,1.0,29.9,10.5017
1962,South Korea,KOR,KRW,Asia,1960s,0.0349,0.1321,0.3629,0.0319,0.3317,0.0257,46.068,6.73,6.33,Very Low (<$0.30),31.2,0.024,0,none,0,2.9,0.0182,0.0167,1.0,30.2,10.3974
1963,South Korea,KOR,KRW,Asia,1960s,0.0368,0.1393,0.3776,0.0332,0.3407,0.0268,48.576,5.44,4.08,Very Low (<$0.30),31.2,0.0253,0,none,0,2.89,0.0182,0.0186,1.0,30.6,10.2614
1964,South Korea,KOR,KRW,Asia,1960s,0.0385,0.1457,0.39,0.0347,0.3515,0.0279,50.82,4.62,4.52,Very Low (<$0.30),31.2,0.0265,0,none,0,2.88,0.0181,0.0204,1.0,31.0,10.129
1965,South Korea,KOR,KRW,Asia,1960s,0.0418,0.1582,0.4167,0.0369,0.3678,0.0296,55.176,8.57,6.34,Very Low (<$0.30),31.2,0.0288,0,none,0,2.86,0.018,0.0238,1.0,31.5,9.9683
1966,South Korea,KOR,KRW,Asia,1960s,0.0443,0.1677,0.4293,0.0396,0.3838,0.0325,58.476,5.98,7.32,Very Low (<$0.30),31.2,0.0305,0,none,0,2.88,0.0181,0.0262,1.0,32.4,9.6914
1967,South Korea,KOR,KRW,Asia,1960s,0.0491,0.1859,0.4616,0.0442,0.4155,0.0351,64.812,10.84,11.62,Very Low (<$0.30),31.2,0.0338,0,none,0,2.92,0.0184,0.0307,1.0,33.4,9.4012
1968,South Korea,KOR,KRW,Asia,1960s,0.0512,0.1938,0.462,0.0459,0.4142,0.0383,67.584,4.28,3.85,Very Low (<$0.30),31.2,0.0352,0,none,0,2.94,0.0185,0.0327,1.0,34.8,9.023
1969,South Korea,KOR,KRW,Asia,1960s,0.0544,0.2059,0.4654,0.0498,0.4261,0.0387,71.808,6.25,8.5,Very Low (<$0.30),31.2,0.0374,0,none,0,3.09,0.0194,0.035,1.0,36.7,8.5559
1970,South Korea,KOR,KRW,Asia,1970s,0.0585,0.2214,0.4734,0.053,0.4289,0.0447,77.22,7.54,6.43,Very Low (<$0.30),41.6,0.0342,0,none,0,3.18,0.02,0.0385,1.0,38.8,8.0928
1971,South Korea,KOR,KRW,Asia,1970s,0.0676,0.2559,0.5241,0.0611,0.4737,0.0499,89.232,15.56,15.28,Very Low (<$0.30),41.6,0.0395,0,none,0,3.6,0.0226,0.045,1.0,40.5,7.7531
1972,South Korea,KOR,KRW,Asia,1970s,0.0796,0.3013,0.598,0.0738,0.5544,0.0571,105.072,17.75,20.79,Very Low (<$0.30),41.6,0.0465,0,none,0,3.6,0.0226,0.057,1.0,41.8,7.512
1973,South Korea,KOR,KRW,Asia,1970s,0.0938,0.3551,0.6634,0.0837,0.5919,0.0689,123.816,17.84,13.41,Very Low (<$0.30),41.6,0.0548,0,none,0,4.75,0.0299,0.0639,1.2,44.4,7.0721
1974,South Korea,KOR,KRW,Asia,1970s,0.1112,0.4209,0.7083,0.0985,0.6274,0.0792,146.784,18.55,17.68,Very Low (<$0.30),41.6,0.0649,0,none,0,9.35,0.0588,0.0524,1.55,49.3,6.3692
1975,South Korea,KOR,KRW,Asia,1970s,0.128,0.4845,0.7471,0.1183,0.6904,0.091,168.96,15.11,20.1,Very Low (<$0.30),41.6,0.0748,0,none,0,10.72,0.0674,0.0606,1.0,53.8,5.8364
1976,South Korea,KOR,KRW,Asia,1970s,0.1561,0.5909,0.8614,0.1395,0.7698,0.1095,206.052,21.95,17.92,Very Low (<$0.30),41.6,0.0912,0,none,0,11.51,0.0724,0.0837,1.0,56.9,5.5185
1977,South Korea,KOR,KRW,Asia,1970s,0.1901,0.7196,0.985,0.172,0.8912,0.1361,250.932,21.78,23.3,Very Low (<$0.30),41.6,0.111,0,none,0,13.92,0.0876,0.1025,1.0,60.6,5.1815
1978,South Korea,KOR,KRW,Asia,1970s,0.2342,0.8865,1.1279,0.206,0.9921,0.1705,309.144,23.2,19.77,Very Low (<$0.30),41.6,0.1368,0,none,0,14.02,0.0882,0.146,1.0,65.2,4.816
1979,South Korea,KOR,KRW,Asia,1970s,0.2929,1.1087,1.2668,0.2634,1.1392,0.2078,386.628,25.06,27.86,Very Low (<$0.30),41.6,0.1711,0,none,0,31.61,0.1988,0.0941,1.3,72.6,4.3251
1980,South Korea,KOR,KRW,Asia,1980s,0.3452,1.3067,1.3154,0.3047,1.1611,0.2503,455.664,17.86,15.68,Low ($0.30–$0.70),52.0,0.1657,0,none,0,36.83,0.2317,0.1135,1.25,82.4,3.8107
1981,South Korea,KOR,KRW,Asia,1980s,0.3687,1.3957,1.2736,0.3337,1.1527,0.2573,486.684,6.81,9.52,Low ($0.30–$0.70),52.1,0.1766,0,none,0,35.75,0.2249,0.1438,1.0,90.9,3.4543
1982,South Korea,KOR,KRW,Asia,1980s,0.3801,1.4388,1.2368,0.3412,1.1102,0.2805,501.732,3.09,2.25,Low ($0.30–$0.70),52.2,0.1817,0,none,0,31.82,0.2001,0.18,1.0,96.5,3.2539
1983,South Korea,KOR,KRW,Asia,1980s,0.4067,1.5395,1.2822,0.3708,1.169,0.2835,536.844,7.0,8.68,Low ($0.30–$0.70),52.2,0.1944,0,none,0,29.55,0.1859,0.2208,1.0,99.6,3.1526
1984,South Korea,KOR,KRW,Asia,1980s,0.4137,1.566,1.2503,0.3661,1.1064,0.2968,546.084,1.72,-1.27,Low ($0.30–$0.70),52.3,0.1973,0,none,0,28.78,0.181,0.2327,1.0,103.9,3.0221
1985,South Korea,KOR,KRW,Asia,1980s,0.4384,1.6595,1.2793,0.399,1.1644,0.3175,578.688,5.97,8.99,Low ($0.30–$0.70),52.4,0.2087,0,none,0,27.56,0.1733,0.2651,1.0,107.6,2.9182
1986,South Korea,KOR,KRW,Asia,1980s,0.453,1.7148,1.2978,0.3988,1.1425,0.3266,597.96,3.33,-0.05,Low ($0.30–$0.70),52.5,0.2152,0,none,0,14.43,0.0908,0.3622,0.75,109.6,2.865
1987,South Korea,KOR,KRW,Asia,1980s,0.4652,1.761,1.2859,0.4253,1.1756,0.3346,614.064,2.69,6.64,Low ($0.30–$0.70),52.5,0.221,0,none,0,18.44,0.116,0.3492,1.0,113.6,2.7641
1988,South Korea,KOR,KRW,Asia,1980s,0.498,1.8851,1.3218,0.4424,1.1742,0.3584,657.36,7.05,4.02,Low ($0.30–$0.70),52.6,0.2361,0,none,0,14.92,0.0938,0.4042,1.0,118.3,2.6543
1989,South Korea,KOR,KRW,Asia,1980s,0.5093,1.9279,1.2897,0.4503,1.1403,0.3618,672.276,2.27,1.79,Low ($0.30–$0.70),52.7,0.2409,0,none,0,18.33,0.1153,0.394,1.0,124.0,2.5323
1990,South Korea,KOR,KRW,Asia,1990s,0.5182,1.9616,1.2449,0.4661,1.1198,0.3762,684.024,1.75,3.51,Low ($0.30–$0.70),52.8,0.2446,0,none,0,23.73,0.1493,0.3689,1.0,130.7,2.4024
1991,South Korea,KOR,KRW,Asia,1990s,0.5674,2.1478,1.3081,0.5161,1.1898,0.407,748.968,9.49,10.73,Low ($0.30–$0.70),52.9,0.2672,0,none,0,20.2,0.1271,0.4403,1.0,136.2,2.3054
1992,South Korea,KOR,KRW,Asia,1990s,0.6081,2.3019,1.361,0.558,1.2488,0.4165,802.692,7.17,8.12,Low ($0.30–$0.70),52.9,0.2864,0,none,0,19.32,0.1215,0.4866,1.0,140.3,2.2381
1993,South Korea,KOR,KRW,Asia,1990s,0.6669,2.5245,1.4492,0.6038,1.3121,0.483,880.308,9.67,8.21,Low ($0.30–$0.70),53.0,0.3134,0,none,0,16.97,0.1067,0.5602,1.0,144.5,2.173
1994,South Korea,KOR,KRW,Asia,1990s,0.7119,2.6948,1.5083,0.6349,1.3452,0.5248,939.708,6.75,5.15,Medium ($0.70–$1.10),53.1,0.3339,0,none,0,15.82,0.0995,0.6124,1.0,148.2,2.1188
1995,South Korea,KOR,KRW,Asia,1990s,0.7563,2.8629,1.5583,0.6705,1.3815,0.5467,998.316,6.24,5.61,Medium ($0.70–$1.10),53.2,0.3539,0,none,0,17.02,0.1071,0.6492,1.0,152.4,2.0604
1996,South Korea,KOR,KRW,Asia,1990s,0.7878,2.9821,1.5766,0.7209,1.4427,0.5559,1039.896,4.17,7.52,Medium ($0.70–$1.10),53.2,0.3687,0,none,0,22.12,0.1391,0.6487,1.0,156.9,2.0013
1997,South Korea,KOR,KRW,Asia,1990s,0.7962,3.0139,1.5577,0.7155,1.3998,0.5784,1050.984,1.07,-0.75,Medium ($0.70–$1.10),53.3,0.3718,0,none,0,19.09,0.1201,0.6761,1.0,160.5,1.9564
1998,South Korea,KOR,KRW,Asia,1990s,0.8272,3.1313,1.5935,0.7493,1.4434,0.6063,1091.904,3.89,4.72,Medium ($0.70–$1.10),53.4,0.3855,0,none,0,13.07,0.0822,0.745,0.82,163.0,1.9264
1999,South Korea,KOR,KRW,Asia,1990s,0.8947,3.3868,1.6863,0.7954,1.4991,0.6505,1181.004,8.16,6.15,Medium ($0.70–$1.10),53.5,0.416,0,none,0,17.97,0.113,0.7817,1.0,166.6,1.8848
2000,South Korea,KOR,KRW,Asia,2000s,0.8841,3.3467,1.6121,0.7883,1.4374,0.6418,1167.012,-1.18,-0.89,Medium ($0.70–$1.10),53.6,0.4102,0,none,0,30.38,0.1911,0.693,1.0,172.2,1.8235
2001,South Korea,KOR,KRW,Asia,2000s,0.9465,3.5829,1.6782,0.8276,1.4673,0.6922,1249.38,7.06,4.99,Medium ($0.70–$1.10),53.6,0.4392,0,none,0,25.93,0.1631,0.7834,1.0,177.1,1.773
2002,South Korea,KOR,KRW,Asia,2000s,1.0101,3.8236,1.763,0.9187,1.6035,0.7433,1333.332,6.72,11.01,Medium ($0.70–$1.10),53.7,0.4677,0,none,0,26.15,0.1645,0.8456,1.0,179.9,1.7454
2003,South Korea,KOR,KRW,Asia,2000s,1.044,3.952,1.7816,0.9396,1.6034,0.7495,1378.08,3.36,2.27,Medium ($0.70–$1.10),53.8,0.4823,0,none,0,31.07,0.1954,0.8486,1.0,184.0,1.7065
2004,South Korea,KOR,KRW,Asia,2000s,1.0955,4.1469,1.821,0.9999,1.6621,0.77,1446.06,4.93,6.42,Medium ($0.70–$1.10),53.9,0.505,0,none,0,41.49,0.261,0.8345,1.0,188.9,1.6623
2005,South Korea,KOR,KRW,Asia,2000s,1.1639,4.4058,1.8713,1.0604,1.7049,0.8402,1536.348,6.24,6.05,High ($1.10–$1.60),54.0,0.5354,0,none,0,56.59,0.3559,0.808,1.0,195.3,1.6078
2006,South Korea,KOR,KRW,Asia,2000s,1.2728,4.8181,1.9824,1.1798,1.8376,0.8894,1680.096,9.36,11.26,High ($1.10–$1.60),54.0,0.5855,0,none,0,66.02,0.4153,0.8575,1.0,201.6,1.5575
2007,South Korea,KOR,KRW,Asia,2000s,1.3317,5.041,2.0171,1.1866,1.7974,0.9764,1757.844,4.63,0.58,High ($1.10–$1.60),54.1,0.6113,0,none,0,72.34,0.455,0.8767,1.0,207.3,1.5147
2008,South Korea,KOR,KRW,Asia,2000s,1.4567,5.5142,2.1245,1.2938,1.8869,1.0289,1922.844,9.39,9.03,High ($1.10–$1.60),54.2,0.6672,0,none,0,99.67,0.6269,0.8298,1.28,215.3,1.4584
2009,South Korea,KOR,KRW,Asia,2000s,1.381,5.2277,2.0216,1.2566,1.8395,1.0187,1822.92,-5.2,-2.88,High ($1.10–$1.60),54.3,0.6311,0,none,0,61.74,0.3883,0.9927,0.78,214.5,1.4639
2010,South Korea,KOR,KRW,Asia,2010s,1.3051,4.9403,1.879,1.1805,1.6996,0.9491,1722.732,-5.5,-6.06,High ($1.10–$1.60),54.3,0.5964,0,none,0,79.61,0.5007,0.8044,1.0,218.1,1.4397
2011,South Korea,KOR,KRW,Asia,2010s,1.3489,5.1061,1.8833,1.2293,1.7163,0.9744,1780.548,3.36,4.13,High ($1.10–$1.60),54.4,0.6151,0,none,0,111.26,0.6998,0.6491,1.0,224.9,1.3962
2012,South Korea,KOR,KRW,Asia,2010s,1.317,4.9854,1.8011,1.1845,1.6199,0.9692,1738.44,-2.36,-3.64,High ($1.10–$1.60),54.5,0.5992,0,none,0,112.01,0.7045,0.6125,1.0,229.6,1.3676
2013,South Korea,KOR,KRW,Asia,2010s,1.3761,5.2091,1.8545,1.2188,1.6425,1.0133,1816.452,4.49,2.9,High ($1.10–$1.60),54.6,0.6247,0,none,0,108.66,0.6835,0.6926,1.0,233.0,1.3476
2014,South Korea,KOR,KRW,Asia,2010s,1.364,5.1633,1.8094,1.2285,1.6297,0.892,1800.48,-0.88,0.8,High ($1.10–$1.60),54.7,0.6179,0,none,0,98.97,0.6225,0.7415,1.0,236.7,1.3266
2015,South Korea,KOR,KRW,Asia,2010s,1.315,4.9778,1.7422,1.172,1.5528,0.938,1735.8,-3.59,-4.6,High ($1.10–$1.60),54.7,0.5957,0,none,0,52.39,0.3295,0.9855,1.0,237.0,1.3249
2016,South Korea,KOR,KRW,Asia,2010s,1.3865,5.2485,1.814,1.2106,1.5839,0.9993,1830.18,5.44,3.29,High ($1.10–$1.60),54.8,0.6267,0,none,0,43.74,0.2751,1.1114,1.0,240.0,1.3083
2017,South Korea,KOR,KRW,Asia,2010s,1.4049,5.3181,1.7998,1.2321,1.5785,0.9869,1854.468,1.33,1.78,High ($1.10–$1.60),54.9,0.6336,0,none,0,54.25,0.3412,1.0637,1.0,245.1,1.2811
2018,South Korea,KOR,KRW,Asia,2010s,1.4913,5.6452,1.8649,1.3457,1.6828,1.071,1968.516,6.15,9.22,High ($1.10–$1.60),55.0,0.6711,0,none,0,71.34,0.4487,1.0426,1.0,251.1,1.2505
2019,South Korea,KOR,KRW,Asia,2010s,1.5179,5.7459,1.864,1.3488,1.6563,1.1205,2003.628,1.78,0.23,High ($1.10–$1.60),55.0,0.6831,0,none,0,64.37,0.4049,1.113,1.0,255.7,1.228
2020,South Korea,KOR,KRW,Asia,2020s,1.5631,5.917,1.8965,1.4099,1.7106,1.0886,2063.292,2.98,4.53,High ($1.10–$1.60),55.1,0.7018,0,none,0,41.84,0.2632,1.2999,0.72,258.8,1.2133
2021,South Korea,KOR,KRW,Asia,2020s,1.75,6.6245,2.0277,1.5537,1.8002,1.2913,2310.0,11.96,10.2,Very High (>$1.60),55.2,0.784,0,none,0,70.86,0.4457,1.3043,1.0,271.0,1.1587
2022,South Korea,KOR,KRW,Asia,2020s,1.8769,7.1048,2.0135,1.6758,1.7977,1.3527,2477.508,7.25,7.86,Very High (>$1.60),55.3,0.839,0,none,0,101.32,0.6373,1.2396,1.3,292.7,1.0728
2023,South Korea,KOR,KRW,Asia,2020s,1.6237,6.1464,1.6733,1.4608,1.5054,1.1542,2143.284,-13.49,-12.83,Very High (>$1.60),55.4,0.7242,0,none,0,82.49,0.5188,1.1049,1.0,304.7,1.0305
2024,South Korea,KOR,KRW,Asia,2020s,1.6111,6.0987,1.6111,1.4428,1.4428,1.1327,2126.652,-0.78,-1.23,Very High (>$1.60),55.4,0.7186,0,none,0,80.0,0.5032,1.1079,1.0,314.0,1.0
